year,month,day,daysSince,monthsSince,place,bikecount
2016,1,4,0,1,08SOMO,4
2016,1,5,1,1,08SOMO,8
2016,1,6,2,1,08SOMO,4
2016,1,0,3,1,08SOMO,16
2016,1,1,4,1,08SOMO,70
2016,1,2,5,1,08SOMO,90
2016,1,3,6,1,08SOMO,112
2016,1,4,7,1,08SOMO,108
2016,1,5,8,1,08SOMO,30
2016,1,6,9,1,08SOMO,14
2016,1,0,10,1,08SOMO,86
2016,1,1,11,1,08SOMO,34
2016,1,2,12,1,08SOMO,12
2016,1,3,13,1,08SOMO,2
2016,1,4,14,1,08SOMO,40
2016,1,5,15,1,08SOMO,6
2016,1,6,16,1,08SOMO,10
2016,1,0,17,1,08SOMO,52
2016,1,1,18,1,08SOMO,56
2016,1,2,19,1,08SOMO,62
2016,1,3,20,1,08SOMO,98
2016,1,4,21,1,08SOMO,92
2016,1,5,22,1,08SOMO,26
2016,1,6,23,1,08SOMO,24
2016,1,0,24,1,08SOMO,76
2016,1,1,25,1,08SOMO,104
2016,1,2,26,1,08SOMO,72
2016,1,3,27,1,08SOMO,90
2016,1,4,28,1,08SOMO,42
2016,1,5,29,1,08SOMO,12
2016,1,6,30,1,08SOMO,22
2016,2,0,31,2,08SOMO,136
2016,2,1,32,2,08SOMO,132
2016,2,2,33,2,08SOMO,36
2016,2,3,34,2,08SOMO,104
2016,2,4,35,2,08SOMO,106
2016,2,5,36,2,08SOMO,64
2016,2,6,37,2,08SOMO,52
2016,2,0,38,2,08SOMO,108
2016,2,1,39,2,08SOMO,90
2016,2,2,40,2,08SOMO,78
2016,2,3,41,2,08SOMO,44
2016,2,4,42,2,08SOMO,36
2016,2,5,43,2,08SOMO,2
2016,2,6,44,2,08SOMO,4
2016,2,0,45,2,08SOMO,28
2016,2,1,46,2,08SOMO,2
2016,2,2,47,2,08SOMO,2
2016,2,3,48,2,08SOMO,4
2016,2,4,49,2,08SOMO,10
2016,2,5,50,2,08SOMO,6
2016,2,6,51,2,08SOMO,30
2016,2,0,52,2,08SOMO,80
2016,2,1,53,2,08SOMO,86
2016,2,2,54,2,08SOMO,10
2016,2,3,55,2,08SOMO,12
2016,2,4,56,2,08SOMO,52
2016,2,5,57,2,08SOMO,34
2016,2,6,58,2,08SOMO,12
2016,2,0,59,2,08SOMO,68
2016,3,1,60,3,08SOMO,70
2016,3,2,61,3,08SOMO,24
2016,3,3,62,3,08SOMO,82
2016,3,4,63,3,08SOMO,74
2016,3,5,64,3,08SOMO,32
2016,3,6,65,3,08SOMO,40
2016,3,0,66,3,08SOMO,78
2016,3,1,67,3,08SOMO,128
2016,3,2,68,3,08SOMO,138
2016,3,3,69,3,08SOMO,136
2016,3,4,70,3,08SOMO,164
2016,3,5,71,3,08SOMO,140
2016,3,6,72,3,08SOMO,154
2016,3,0,73,3,08SOMO,114
2016,3,1,74,3,08SOMO,144
2016,3,2,75,3,08SOMO,176
2016,3,3,76,3,08SOMO,208
2016,3,4,77,3,08SOMO,204
2016,3,5,78,3,08SOMO,128
2016,3,6,79,3,08SOMO,120
2016,3,0,80,3,08SOMO,216
2016,3,1,81,3,08SOMO,232
2016,3,2,82,3,08SOMO,200
2016,3,3,83,3,08SOMO,30
2016,3,4,84,3,08SOMO,34
2016,3,5,85,3,08SOMO,112
2016,3,6,86,3,08SOMO,142
2016,3,0,87,3,08SOMO,54
2016,3,1,88,3,08SOMO,270
2016,3,2,89,3,08SOMO,360
2016,3,3,90,3,08SOMO,174
2016,1,0,3,1,08SOMO,320
2016,2,3,34,2,08SOMO,154
2016,3,4,63,3,08SOMO,104
2016,4,0,94,4,08SOMO,218
2016,5,2,124,5,08SOMO,288
2016,6,5,155,6,08SOMO,88
2016,7,0,185,7,08SOMO,110
2016,8,3,216,8,08SOMO,140
2016,9,6,247,9,08SOMO,106
2016,10,1,277,10,08SOMO,136
2016,11,4,308,11,08SOMO,108
2016,12,6,338,12,08SOMO,290
2016,4,2,103,4,08SOMO,392
2016,4,3,104,4,08SOMO,452
2016,4,4,105,4,08SOMO,490
2016,4,5,106,4,08SOMO,450
2016,4,6,107,4,08SOMO,458
2016,4,0,108,4,08SOMO,482
2016,4,1,109,4,08SOMO,596
2016,4,2,110,4,08SOMO,612
2016,4,3,111,4,08SOMO,694
2016,4,4,112,4,08SOMO,320
2016,4,5,113,4,08SOMO,364
2016,4,6,114,4,08SOMO,330
2016,4,0,115,4,08SOMO,528
2016,4,1,116,4,08SOMO,560
2016,4,2,117,4,08SOMO,530
2016,4,3,118,4,08SOMO,480
2016,4,4,119,4,08SOMO,706
2016,4,5,120,4,08SOMO,538
2016,1,1,4,1,08SOMO,162
2016,2,4,35,2,08SOMO,484
2016,3,5,64,3,08SOMO,666
2016,4,1,95,4,08SOMO,728
2016,5,3,125,5,08SOMO,744
2016,6,6,156,6,08SOMO,776
2016,7,1,186,7,08SOMO,544
2016,8,4,217,8,08SOMO,288
2016,9,0,248,9,08SOMO,704
2016,10,2,278,10,08SOMO,860
2016,11,5,309,11,08SOMO,960
2016,12,0,339,12,08SOMO,992
2016,5,4,133,5,08SOMO,544
2016,5,5,134,5,08SOMO,414
2016,5,6,135,5,08SOMO,236
2016,5,0,136,5,08SOMO,588
2016,5,1,137,5,08SOMO,822
2016,5,2,138,5,08SOMO,854
2016,5,3,139,5,08SOMO,796
2016,5,4,140,5,08SOMO,902
2016,5,5,141,5,08SOMO,564
2016,5,6,142,5,08SOMO,504
2016,5,0,143,5,08SOMO,486
2016,5,1,144,5,08SOMO,736
2016,5,2,145,5,08SOMO,948
2016,5,3,146,5,08SOMO,900
2016,5,4,147,5,08SOMO,874
2016,5,5,148,5,08SOMO,680
2016,5,6,149,5,08SOMO,784
2016,5,0,150,5,08SOMO,924
2016,5,1,151,5,08SOMO,1034
2016,1,2,5,1,08SOMO,1056
2016,2,5,36,2,08SOMO,548
2016,3,6,65,3,08SOMO,1046
2016,4,2,96,4,08SOMO,1014
2016,5,4,126,5,08SOMO,168
2016,6,0,157,6,08SOMO,808
2016,7,2,187,7,08SOMO,852
2016,8,5,218,8,08SOMO,800
2016,9,1,249,9,08SOMO,774
2016,10,3,279,10,08SOMO,858
2016,11,6,310,11,08SOMO,278
2016,12,1,340,12,08SOMO,304
2016,6,0,164,6,08SOMO,840
2016,6,1,165,6,08SOMO,1052
2016,6,2,166,6,08SOMO,1100
2016,6,3,167,6,08SOMO,964
2016,6,4,168,6,08SOMO,1008
2016,6,5,169,6,08SOMO,726
2016,6,6,170,6,08SOMO,454
2016,6,0,171,6,08SOMO,740
2016,6,1,172,6,08SOMO,986
2016,6,2,173,6,08SOMO,938
2016,6,3,174,6,08SOMO,1068
2016,6,4,175,6,08SOMO,1052
2016,6,5,176,6,08SOMO,680
2016,6,6,177,6,08SOMO,610
2016,6,0,178,6,08SOMO,700
2016,6,1,179,6,08SOMO,904
2016,6,2,180,6,08SOMO,1046
2016,6,3,181,6,08SOMO,1104
2016,1,3,6,1,08SOMO,466
2016,2,6,37,2,08SOMO,498
2016,3,0,66,3,08SOMO,554
2016,4,3,97,4,08SOMO,964
2016,5,5,127,5,08SOMO,944
2016,6,1,158,6,08SOMO,930
2016,7,3,188,7,08SOMO,812
2016,8,6,219,8,08SOMO,704
2016,9,2,250,9,08SOMO,196
2016,10,4,280,10,08SOMO,400
2016,11,0,311,11,08SOMO,896
2016,12,2,341,12,08SOMO,1066
2016,7,2,194,7,08SOMO,912
2016,7,3,195,7,08SOMO,668
2016,7,4,196,7,08SOMO,680
2016,7,5,197,7,08SOMO,538
2016,7,6,198,7,08SOMO,552
2016,7,0,199,7,08SOMO,828
2016,7,1,200,7,08SOMO,1006
2016,7,2,201,7,08SOMO,982
2016,7,3,202,7,08SOMO,900
2016,7,4,203,7,08SOMO,744
2016,7,5,204,7,08SOMO,542
2016,7,6,205,7,08SOMO,514
2016,7,0,206,7,08SOMO,566
2016,7,1,207,7,08SOMO,970
2016,7,2,208,7,08SOMO,918
2016,7,3,209,7,08SOMO,902
2016,7,4,210,7,08SOMO,864
2016,7,5,211,7,08SOMO,660
2016,7,6,212,7,08SOMO,448
2016,1,4,7,1,08SOMO,398
2016,2,0,38,2,08SOMO,858
2016,3,1,67,3,08SOMO,866
2016,4,4,98,4,08SOMO,860
2016,5,6,128,5,08SOMO,782
2016,6,2,159,6,08SOMO,636
2016,7,4,189,7,08SOMO,524
2016,8,0,220,8,08SOMO,828
2016,9,3,251,9,08SOMO,940
2016,10,5,281,10,08SOMO,916
2016,11,1,312,11,08SOMO,850
2016,12,3,342,12,08SOMO,488
2016,8,5,225,8,08SOMO,184
2016,8,6,226,8,08SOMO,420
2016,8,0,227,8,08SOMO,896
2016,8,1,228,8,08SOMO,408
2016,8,2,229,8,08SOMO,1004
2016,8,3,230,8,08SOMO,970
2016,8,4,231,8,08SOMO,874
2016,8,5,232,8,08SOMO,674
2016,8,6,233,8,08SOMO,256
2016,8,0,234,8,08SOMO,812
2016,8,1,235,8,08SOMO,866
2016,8,2,236,8,08SOMO,964
2016,8,3,237,8,08SOMO,768
2016,8,4,238,8,08SOMO,854
2016,8,5,239,8,08SOMO,590
2016,8,6,240,8,08SOMO,394
2016,8,0,241,8,08SOMO,826
2016,8,1,242,8,08SOMO,960
2016,8,2,243,8,08SOMO,892
2016,1,5,8,1,08SOMO,844
2016,2,1,39,2,08SOMO,728
2016,3,2,68,3,08SOMO,488
2016,4,5,99,4,08SOMO,446
2016,5,0,129,5,08SOMO,404
2016,6,3,160,6,08SOMO,888
2016,7,5,190,7,08SOMO,904
2016,8,1,221,8,08SOMO,580
2016,9,4,252,9,08SOMO,910
2016,10,6,282,10,08SOMO,494
2016,11,2,313,11,08SOMO,392
2016,12,4,343,12,08SOMO,928
2016,9,1,256,9,08SOMO,868
2016,9,2,257,9,08SOMO,842
2016,9,3,258,9,08SOMO,864
2016,9,4,259,9,08SOMO,872
2016,9,5,260,9,08SOMO,322
2016,9,6,261,9,08SOMO,458
2016,9,0,262,9,08SOMO,806
2016,9,1,263,9,08SOMO,906
2016,9,2,264,9,08SOMO,900
2016,9,3,265,9,08SOMO,720
2016,9,4,266,9,08SOMO,610
2016,9,5,267,9,08SOMO,452
2016,9,6,268,9,08SOMO,386
2016,9,0,269,9,08SOMO,656
2016,9,1,270,9,08SOMO,708
2016,9,2,271,9,08SOMO,676
2016,9,3,272,9,08SOMO,708
2016,9,4,273,9,08SOMO,700
2016,1,6,9,1,08SOMO,459
2016,2,2,40,2,08SOMO,121
2016,3,3,69,3,08SOMO,893
2016,4,6,100,4,08SOMO,1040
2016,5,1,130,5,08SOMO,1009
2016,6,4,161,6,08SOMO,965
2016,7,6,191,7,08SOMO,960
2016,8,2,222,8,08SOMO,153
2016,9,5,253,9,08SOMO,312
2016,10,0,283,10,08SOMO,282
2016,11,3,314,11,08SOMO,864
2016,12,5,344,12,08SOMO,980
2016,10,3,286,10,08SOMO,425
2016,10,4,287,10,08SOMO,648
2016,10,5,288,10,08SOMO,583
2016,10,6,289,10,08SOMO,160
2016,10,0,290,10,08SOMO,745
2016,10,1,291,10,08SOMO,567
2016,10,2,292,10,08SOMO,936
2016,10,3,293,10,08SOMO,417
2016,10,4,294,10,08SOMO,228
2016,10,5,295,10,08SOMO,142
2016,10,6,296,10,08SOMO,222
2016,10,0,297,10,08SOMO,517
2016,10,1,298,10,08SOMO,514
2016,10,2,299,10,08SOMO,532
2016,10,3,300,10,08SOMO,307
2016,10,4,301,10,08SOMO,208
2016,10,5,302,10,08SOMO,90
2016,10,6,303,10,08SOMO,174
2016,10,0,304,10,08SOMO,461
2016,1,0,10,1,08SOMO,433
2016,2,3,41,2,08SOMO,765
2016,3,4,70,3,08SOMO,280
2016,4,0,101,4,08SOMO,433
2016,5,2,131,5,08SOMO,243
2016,6,5,162,6,08SOMO,273
2016,7,0,192,7,08SOMO,628
2016,8,3,223,8,08SOMO,720
2016,9,6,254,9,08SOMO,475
2016,10,1,284,10,08SOMO,521
2016,11,4,315,11,08SOMO,214
2016,12,6,345,12,08SOMO,212
2016,11,6,317,11,08SOMO,311
2016,11,0,318,11,08SOMO,581
2016,11,1,319,11,08SOMO,598
2016,11,2,320,11,08SOMO,383
2016,11,3,321,11,08SOMO,541
2016,11,4,322,11,08SOMO,525
2016,11,5,323,11,08SOMO,321
2016,11,6,324,11,08SOMO,39
2016,11,0,325,11,08SOMO,66
2016,11,1,326,11,08SOMO,74
2016,11,2,327,11,08SOMO,142
2016,11,3,328,11,08SOMO,87
2016,11,4,329,11,08SOMO,88
2016,11,5,330,11,08SOMO,77
2016,11,6,331,11,08SOMO,54
2016,11,0,332,11,08SOMO,183
2016,11,1,333,11,08SOMO,89
2016,11,2,334,11,08SOMO,159
2016,1,1,11,1,08SOMO,200
2016,2,4,42,2,08SOMO,197
2016,3,5,71,3,08SOMO,126
2016,4,1,102,4,08SOMO,127
2016,5,3,132,5,08SOMO,59
2016,6,6,163,6,08SOMO,80
2016,7,1,193,7,08SOMO,93
2016,8,4,224,8,08SOMO,95
2016,9,0,255,9,08SOMO,77
2016,10,2,285,10,08SOMO,35
2016,11,5,316,11,08SOMO,26
2016,12,0,346,12,08SOMO,48
2016,12,1,347,12,08SOMO,78
2016,12,2,348,12,08SOMO,87
2016,12,3,349,12,08SOMO,67
2016,12,4,350,12,08SOMO,57
2016,12,5,351,12,08SOMO,12
2016,12,6,352,12,08SOMO,9
2016,12,0,353,12,08SOMO,59
2016,12,1,354,12,08SOMO,89
2016,12,2,355,12,08SOMO,99
2016,12,3,356,12,08SOMO,54
2016,12,4,357,12,08SOMO,52
2016,12,5,358,12,08SOMO,16
2016,12,6,359,12,08SOMO,6
2016,12,0,360,12,08SOMO,6
2016,12,1,361,12,08SOMO,21
2016,12,2,362,12,08SOMO,40
2016,12,3,363,12,08SOMO,19
2016,12,4,364,12,08SOMO,31
2016,12,5,365,12,08SOMO,11
2017,1,6,366,13,08SOMO,6
2017,2,2,397,14,08SOMO,12
2017,3,2,425,15,08SOMO,8
2017,4,5,456,16,08SOMO,8
2017,5,0,486,17,08SOMO,2
2017,6,3,517,18,08SOMO,8
2017,7,5,547,19,08SOMO,2
2017,8,1,578,20,08SOMO,2
2017,9,4,609,21,08SOMO,6
2017,10,6,639,22,08SOMO,28
2017,11,2,670,23,08SOMO,66
2017,12,4,700,24,08SOMO,84
2017,1,4,378,13,08SOMO,76
2017,1,5,379,13,08SOMO,18
2017,1,6,380,13,08SOMO,36
2017,1,0,381,13,08SOMO,88
2017,1,1,382,13,08SOMO,96
2017,1,2,383,13,08SOMO,50
2017,1,3,384,13,08SOMO,86
2017,1,4,385,13,08SOMO,84
2017,1,5,386,13,08SOMO,46
2017,1,6,387,13,08SOMO,42
2017,1,0,388,13,08SOMO,90
2017,1,1,389,13,08SOMO,42
2017,1,2,390,13,08SOMO,90
2017,1,3,391,13,08SOMO,96
2017,1,4,392,13,08SOMO,80
2017,1,5,393,13,08SOMO,22
2017,1,6,394,13,08SOMO,18
2017,1,0,395,13,08SOMO,64
2017,1,1,396,13,08SOMO,76
2017,1,0,367,13,08SOMO,66
2017,2,3,398,14,08SOMO,68
2017,3,3,426,15,08SOMO,74
2017,4,6,457,16,08SOMO,32
2017,5,1,487,17,08SOMO,10
2017,6,4,518,18,08SOMO,64
2017,7,6,548,19,08SOMO,34
2017,8,2,579,20,08SOMO,60
2017,9,5,610,21,08SOMO,78
2017,10,0,640,22,08SOMO,70
2017,11,3,671,23,08SOMO,10
2017,12,5,701,24,08SOMO,0
2017,2,0,409,14,08SOMO,32
2017,2,1,410,14,08SOMO,44
2017,2,2,411,14,08SOMO,2
2017,2,3,412,14,08SOMO,8
2017,2,4,413,14,08SOMO,20
2017,2,5,414,14,08SOMO,32
2017,2,6,415,14,08SOMO,34
2017,2,0,416,14,08SOMO,52
2017,2,1,417,14,08SOMO,92
2017,2,2,418,14,08SOMO,106
2017,2,3,419,14,08SOMO,144
2017,2,4,420,14,08SOMO,104
2017,2,5,421,14,08SOMO,38
2017,2,6,422,14,08SOMO,56
2017,2,0,423,14,08SOMO,132
2017,2,1,424,14,08SOMO,146
2017,1,1,368,13,08SOMO,98
2017,2,4,399,14,08SOMO,80
2017,3,4,427,15,08SOMO,72
2017,4,0,458,16,08SOMO,20
2017,5,2,488,17,08SOMO,46
2017,6,5,519,18,08SOMO,88
2017,7,0,549,19,08SOMO,48
2017,8,3,580,20,08SOMO,118
2017,9,6,611,21,08SOMO,124
2017,10,1,641,22,08SOMO,96
2017,11,4,672,23,08SOMO,20
2017,12,6,702,24,08SOMO,24
2017,3,0,437,15,08SOMO,94
2017,3,1,438,15,08SOMO,12
2017,3,2,439,15,08SOMO,2
2017,3,3,440,15,08SOMO,62
2017,3,4,441,15,08SOMO,80
2017,3,5,442,15,08SOMO,48
2017,3,6,443,15,08SOMO,72
2017,3,0,444,15,08SOMO,174
2017,3,1,445,15,08SOMO,160
2017,3,2,446,15,08SOMO,110
2017,3,3,447,15,08SOMO,140
2017,3,4,448,15,08SOMO,8
2017,3,5,449,15,08SOMO,46
2017,3,6,450,15,08SOMO,60
2017,3,0,451,15,08SOMO,78
2017,3,1,452,15,08SOMO,144
2017,3,2,453,15,08SOMO,166
2017,3,3,454,15,08SOMO,262
2017,3,4,455,15,08SOMO,90
2017,1,2,369,13,08SOMO,56
2017,2,5,400,14,08SOMO,202
2017,3,5,428,15,08SOMO,384
2017,4,1,459,16,08SOMO,120
2017,5,3,489,17,08SOMO,278
2017,6,6,520,18,08SOMO,108
2017,7,1,550,19,08SOMO,172
2017,8,4,581,20,08SOMO,260
2017,9,0,612,21,08SOMO,268
2017,10,2,642,22,08SOMO,462
2017,11,5,673,23,08SOMO,310
2017,12,0,703,24,08SOMO,394
2017,4,3,468,16,08SOMO,462
2017,4,4,469,16,08SOMO,304
2017,4,5,470,16,08SOMO,198
2017,4,6,471,16,08SOMO,78
2017,4,0,472,16,08SOMO,220
2017,4,1,473,16,08SOMO,536
2017,4,2,474,16,08SOMO,286
2017,4,3,475,16,08SOMO,460
2017,4,4,476,16,08SOMO,262
2017,4,5,477,16,08SOMO,372
2017,4,6,478,16,08SOMO,484
2017,4,0,479,16,08SOMO,620
2017,4,1,480,16,08SOMO,400
2017,4,2,481,16,08SOMO,556
2017,4,3,482,16,08SOMO,770
2017,4,4,483,16,08SOMO,650
2017,4,5,484,16,08SOMO,500
2017,4,6,485,16,08SOMO,126
2017,1,3,370,13,08SOMO,122
2017,2,6,401,14,08SOMO,448
2017,3,6,429,15,08SOMO,588
2017,4,2,460,16,08SOMO,704
2017,5,4,490,17,08SOMO,130
2017,6,0,521,18,08SOMO,110
2017,7,2,551,19,08SOMO,164
2017,8,5,582,20,08SOMO,388
2017,9,1,613,21,08SOMO,534
2017,10,3,643,22,08SOMO,772
2017,11,6,674,23,08SOMO,688
2017,12,1,704,24,08SOMO,764
2017,5,5,498,17,08SOMO,214
2017,5,6,499,17,08SOMO,214
2017,5,0,500,17,08SOMO,776
2017,5,1,501,17,08SOMO,810
2017,5,2,502,17,08SOMO,904
2017,5,3,503,17,08SOMO,710
2017,5,4,504,17,08SOMO,774
2017,5,5,505,17,08SOMO,490
2017,5,6,506,17,08SOMO,266
2017,5,0,507,17,08SOMO,172
2017,5,1,508,17,08SOMO,876
2017,5,2,509,17,08SOMO,992
2017,5,3,510,17,08SOMO,548
2017,5,4,511,17,08SOMO,500
2017,5,5,512,17,08SOMO,722
2017,5,6,513,17,08SOMO,794
2017,5,0,514,17,08SOMO,298
2017,5,1,515,17,08SOMO,606
2017,5,2,516,17,08SOMO,698
2017,1,4,371,13,08SOMO,804
2017,2,0,402,14,08SOMO,692
2017,3,0,430,15,08SOMO,648
2017,4,3,461,16,08SOMO,388
2017,5,5,491,17,08SOMO,518
2017,6,1,522,18,08SOMO,392
2017,7,3,552,19,08SOMO,890
2017,8,6,583,20,08SOMO,874
2017,9,2,614,21,08SOMO,842
2017,10,4,644,22,08SOMO,710
2017,11,0,675,23,08SOMO,592
2017,12,2,705,24,08SOMO,788
2017,6,1,529,18,08SOMO,936
2017,6,2,530,18,08SOMO,1066
2017,6,3,531,18,08SOMO,966
2017,6,4,532,18,08SOMO,632
2017,6,5,533,18,08SOMO,612
2017,6,6,534,18,08SOMO,456
2017,6,0,535,18,08SOMO,880
2017,6,1,536,18,08SOMO,792
2017,6,2,537,18,08SOMO,876
2017,6,3,538,18,08SOMO,940
2017,6,4,539,18,08SOMO,530
2017,6,5,540,18,08SOMO,712
2017,6,6,541,18,08SOMO,324
2017,6,0,542,18,08SOMO,894
2017,6,1,543,18,08SOMO,684
2017,6,2,544,18,08SOMO,876
2017,6,3,545,18,08SOMO,424
2017,6,4,546,18,08SOMO,630
2017,1,5,372,13,08SOMO,386
2017,2,1,403,14,08SOMO,510
2017,3,1,431,15,08SOMO,604
2017,4,4,462,16,08SOMO,996
2017,5,6,492,17,08SOMO,958
2017,6,2,523,18,08SOMO,936
2017,7,4,553,19,08SOMO,596
2017,8,0,584,20,08SOMO,590
2017,9,3,615,21,08SOMO,482
2017,10,5,645,22,08SOMO,708
2017,11,1,676,23,08SOMO,852
2017,12,3,706,24,08SOMO,840
2017,7,3,559,19,08SOMO,950
2017,7,4,560,19,08SOMO,732
2017,7,5,561,19,08SOMO,678
2017,7,6,562,19,08SOMO,468
2017,7,0,563,19,08SOMO,772
2017,7,1,564,19,08SOMO,946
2017,7,2,565,19,08SOMO,860
2017,7,3,566,19,08SOMO,846
2017,7,4,567,19,08SOMO,818
2017,7,5,568,19,08SOMO,622
2017,7,6,569,19,08SOMO,426
2017,7,0,570,19,08SOMO,128
2017,7,1,571,19,08SOMO,828
2017,7,2,572,19,08SOMO,830
2017,7,3,573,19,08SOMO,900
2017,7,4,574,19,08SOMO,926
2017,7,5,575,19,08SOMO,756
2017,7,6,576,19,08SOMO,658
2017,7,0,577,19,08SOMO,762
2017,1,6,373,13,08SOMO,896
2017,2,2,404,14,08SOMO,828
2017,3,2,432,15,08SOMO,788
2017,4,5,463,16,08SOMO,508
2017,5,0,493,17,08SOMO,458
2017,6,3,524,18,08SOMO,496
2017,7,5,554,19,08SOMO,436
2017,8,1,585,20,08SOMO,820
2017,9,4,616,21,08SOMO,908
2017,10,6,646,22,08SOMO,808
2017,11,2,677,23,08SOMO,724
2017,12,4,707,24,08SOMO,378
2017,8,6,590,20,08SOMO,560
2017,8,0,591,20,08SOMO,804
2017,8,1,592,20,08SOMO,794
2017,8,2,593,20,08SOMO,920
2017,8,3,594,20,08SOMO,880
2017,8,4,595,20,08SOMO,448
2017,8,5,596,20,08SOMO,450
2017,8,6,597,20,08SOMO,540
2017,8,0,598,20,08SOMO,818
2017,8,1,599,20,08SOMO,452
2017,8,2,600,20,08SOMO,896
2017,8,3,601,20,08SOMO,878
2017,8,4,602,20,08SOMO,758
2017,8,5,603,20,08SOMO,622
2017,8,6,604,20,08SOMO,538
2017,8,0,605,20,08SOMO,760
2017,8,1,606,20,08SOMO,906
2017,8,2,607,20,08SOMO,878
2017,8,3,608,20,08SOMO,704
2017,1,0,374,13,08SOMO,722
2017,2,3,405,14,08SOMO,486
2017,3,3,433,15,08SOMO,142
2017,4,6,464,16,08SOMO,110
2017,5,1,494,17,08SOMO,708
2017,6,4,525,18,08SOMO,794
2017,7,6,555,19,08SOMO,562
2017,8,2,586,20,08SOMO,600
2017,9,5,617,21,08SOMO,524
2017,10,0,647,22,08SOMO,442
2017,11,3,678,23,08SOMO,856
2017,12,5,708,24,08SOMO,890
2017,9,2,621,21,08SOMO,922
2017,9,3,622,21,08SOMO,874
2017,9,4,623,21,08SOMO,886
2017,9,5,624,21,08SOMO,786
2017,9,6,625,21,08SOMO,566
2017,9,0,626,21,08SOMO,820
2017,9,1,627,21,08SOMO,808
2017,9,2,628,21,08SOMO,794
2017,9,3,629,21,08SOMO,924
2017,9,4,630,21,08SOMO,758
2017,9,5,631,21,08SOMO,498
2017,9,6,632,21,08SOMO,532
2017,9,0,633,21,08SOMO,764
2017,9,1,634,21,08SOMO,816
2017,9,2,635,21,08SOMO,688
2017,9,3,636,21,08SOMO,792
2017,9,4,637,21,08SOMO,694
2017,9,5,638,21,08SOMO,398
2017,1,1,375,13,08SOMO,362
2017,2,4,406,14,08SOMO,746
2017,3,4,434,15,08SOMO,752
2017,4,0,465,16,08SOMO,466
2017,5,2,495,17,08SOMO,712
2017,6,5,526,18,08SOMO,630
2017,7,0,556,19,08SOMO,204
2017,8,3,587,20,08SOMO,234
2017,9,6,618,21,08SOMO,104
2017,10,1,648,22,08SOMO,726
2017,11,4,679,23,08SOMO,654
2017,12,6,709,24,08SOMO,668
2017,10,4,651,22,08SOMO,668
2017,10,5,652,22,08SOMO,310
2017,10,6,653,22,08SOMO,152
2017,10,0,654,22,08SOMO,532
2017,10,1,655,22,08SOMO,572
2017,10,2,656,22,08SOMO,658
2017,10,3,657,22,08SOMO,688
2017,10,4,658,22,08SOMO,646
2017,10,5,659,22,08SOMO,418
2017,10,6,660,22,08SOMO,370
2017,10,0,661,22,08SOMO,712
2017,10,1,662,22,08SOMO,332
2017,10,2,663,22,08SOMO,596
2017,10,3,664,22,08SOMO,560
2017,10,4,665,22,08SOMO,558
2017,10,5,666,22,08SOMO,298
2017,10,6,667,22,08SOMO,76
2017,10,0,668,22,08SOMO,190
2017,10,1,669,22,08SOMO,378
2017,1,2,376,13,08SOMO,328
2017,2,5,407,14,08SOMO,204
2017,3,5,435,15,08SOMO,428
2017,4,1,466,16,08SOMO,222
2017,5,3,496,17,08SOMO,56
2017,6,6,527,18,08SOMO,412
2017,7,1,557,19,08SOMO,452
2017,8,4,588,20,08SOMO,430
2017,9,0,619,21,08SOMO,326
2017,10,2,649,22,08SOMO,164
2017,11,5,680,23,08SOMO,130
2017,12,0,710,24,08SOMO,144
2017,11,0,682,23,08SOMO,230
2017,11,1,683,23,08SOMO,374
2017,11,2,684,23,08SOMO,388
2017,11,3,685,23,08SOMO,228
2017,11,4,686,23,08SOMO,250
2017,11,5,687,23,08SOMO,86
2017,11,6,688,23,08SOMO,32
2017,11,0,689,23,08SOMO,96
2017,11,1,690,23,08SOMO,186
2017,11,2,691,23,08SOMO,202
2017,11,3,692,23,08SOMO,206
2017,11,4,693,23,08SOMO,254
2017,11,5,694,23,08SOMO,102
2017,11,6,695,23,08SOMO,84
2017,11,0,696,23,08SOMO,84
2017,11,1,697,23,08SOMO,168
2017,11,2,698,23,08SOMO,214
2017,11,3,699,23,08SOMO,178
2017,1,3,377,13,08SOMO,202
2017,2,6,408,14,08SOMO,144
2017,3,6,436,15,08SOMO,132
2017,4,2,467,16,08SOMO,212
2017,5,4,497,17,08SOMO,136
2017,6,0,528,18,08SOMO,214
2017,7,2,558,19,08SOMO,180
2017,8,5,589,20,08SOMO,190
2017,9,1,620,21,08SOMO,84
2017,10,3,650,22,08SOMO,24
2017,11,6,681,23,08SOMO,82
2017,12,1,711,24,08SOMO,6
2017,12,2,712,24,08SOMO,20
2017,12,3,713,24,08SOMO,64
2017,12,4,714,24,08SOMO,28
2017,12,5,715,24,08SOMO,16
2017,12,6,716,24,08SOMO,26
2017,12,0,717,24,08SOMO,14
2017,12,1,718,24,08SOMO,10
2017,12,2,719,24,08SOMO,8
2017,12,3,720,24,08SOMO,6
2017,12,4,721,24,08SOMO,16
2017,12,5,722,24,08SOMO,0
2017,12,6,723,24,08SOMO,0
2017,12,0,724,24,08SOMO,2
2017,12,1,725,24,08SOMO,63
2017,12,2,726,24,08SOMO,109
2017,12,3,727,24,08SOMO,24
2017,12,4,728,24,08SOMO,11
2017,12,5,729,24,08SOMO,12
2017,12,6,730,24,08SOMO,11
2018,1,0,731,25,08SOMO,83
2018,1,1,732,25,08SOMO,104
2018,1,2,733,25,08SOMO,66
2018,1,3,734,25,08SOMO,64
2018,1,4,735,25,08SOMO,27
2018,1,5,736,25,08SOMO,6
2018,1,6,737,25,08SOMO,7
2018,1,0,738,25,08SOMO,40
2018,1,1,739,25,08SOMO,79
2018,1,2,740,25,08SOMO,108
2018,1,3,741,25,08SOMO,60
2018,1,4,742,25,08SOMO,204
2018,1,5,743,25,08SOMO,691
2018,1,6,744,25,08SOMO,10
2018,1,0,745,25,08SOMO,75
2018,1,1,746,25,08SOMO,68
2018,1,2,747,25,08SOMO,70
2018,1,3,748,25,08SOMO,90
2018,1,4,749,25,08SOMO,82
2018,1,5,750,25,08SOMO,23
2018,1,6,751,25,08SOMO,27
2018,1,0,752,25,08SOMO,64
2018,1,1,753,25,08SOMO,42
2018,1,2,754,25,08SOMO,91
2018,1,3,755,25,08SOMO,61
2018,1,4,756,25,08SOMO,69
2018,1,5,757,25,08SOMO,21
2018,1,6,758,25,08SOMO,41
2018,1,0,759,25,08SOMO,104
2018,1,1,760,25,08SOMO,84
2018,1,2,761,25,08SOMO,81
2018,2,3,762,26,08SOMO,62
2018,2,4,763,26,08SOMO,72
2018,2,5,764,26,08SOMO,25
2018,2,6,765,26,08SOMO,13
2018,2,0,766,26,08SOMO,70
2018,2,1,767,26,08SOMO,76
2018,2,2,768,26,08SOMO,69
2018,2,3,769,26,08SOMO,57
2018,2,4,770,26,08SOMO,88
2018,2,5,771,26,08SOMO,15
2018,2,6,772,26,08SOMO,10
2018,2,0,773,26,08SOMO,93
2018,2,1,774,26,08SOMO,74
2018,2,2,775,26,08SOMO,112
2018,2,3,776,26,08SOMO,80
2018,2,4,777,26,08SOMO,93
2018,2,5,778,26,08SOMO,31
2018,2,6,779,26,08SOMO,41
2018,2,0,780,26,08SOMO,70
2018,2,1,781,26,08SOMO,66
2018,2,2,782,26,08SOMO,97
2018,2,3,783,26,08SOMO,98
2018,2,4,784,26,08SOMO,47
2018,2,5,785,26,08SOMO,36
2018,2,6,786,26,08SOMO,48
2018,2,0,787,26,08SOMO,118
2018,2,1,788,26,08SOMO,153
2018,2,2,789,26,08SOMO,132
2018,3,3,790,27,08SOMO,261
2018,3,4,791,27,08SOMO,594
2018,3,5,792,27,08SOMO,38
2018,3,6,793,27,08SOMO,39
2018,3,0,794,27,08SOMO,128
2018,3,1,795,27,08SOMO,129
2018,3,2,796,27,08SOMO,50
2018,3,3,797,27,08SOMO,62
2018,3,4,798,27,08SOMO,70
2018,3,5,799,27,08SOMO,16
2018,3,6,800,27,08SOMO,37
2018,3,0,801,27,08SOMO,92
2018,3,1,802,27,08SOMO,65
2018,3,2,803,27,08SOMO,57
2018,3,3,804,27,08SOMO,71
2018,3,4,805,27,08SOMO,63
2018,3,5,806,27,08SOMO,16
2018,3,6,807,27,08SOMO,18
2018,3,0,808,27,08SOMO,1202
2018,3,1,809,27,08SOMO,144
2018,3,2,810,27,08SOMO,151
2018,3,3,811,27,08SOMO,162
2018,3,4,812,27,08SOMO,138
2018,3,5,813,27,08SOMO,73
2018,3,6,814,27,08SOMO,93
2018,3,0,815,27,08SOMO,197
2018,3,1,816,27,08SOMO,211
2018,3,2,817,27,08SOMO,182
2018,3,3,818,27,08SOMO,153
2018,3,4,819,27,08SOMO,94
2018,3,5,820,27,08SOMO,324
2018,4,6,821,28,08SOMO,109
2018,4,0,822,28,08SOMO,186
2018,4,1,823,28,08SOMO,227
2018,4,2,824,28,08SOMO,68
2018,4,3,825,28,08SOMO,216
2018,4,4,826,28,08SOMO,267
2018,4,5,827,28,08SOMO,135
2018,4,6,828,28,08SOMO,354
2018,4,0,829,28,08SOMO,318
2018,4,1,830,28,08SOMO,341
2018,4,2,831,28,08SOMO,330
2018,4,3,832,28,08SOMO,291
2018,4,4,833,28,08SOMO,398
2018,4,5,834,28,08SOMO,75
2018,4,6,835,28,08SOMO,40
2018,4,0,836,28,08SOMO,33
2018,4,1,837,28,08SOMO,93
2018,4,2,838,28,08SOMO,248
2018,4,3,839,28,08SOMO,264
2018,4,4,840,28,08SOMO,396
2018,4,5,841,28,08SOMO,594
2018,4,6,842,28,08SOMO,892
2018,4,0,843,28,08SOMO,1068
2018,4,1,844,28,08SOMO,1039
2018,4,2,845,28,08SOMO,288
2018,4,3,846,28,08SOMO,337
2018,4,4,847,28,08SOMO,1125
2018,4,5,848,28,08SOMO,284
2018,4,6,849,28,08SOMO,244
2018,4,0,850,28,08SOMO,996
2018,5,1,851,29,08SOMO,1270
2018,5,2,852,29,08SOMO,1106
2018,5,3,853,29,08SOMO,535
2018,5,4,854,29,08SOMO,505
2018,5,5,855,29,08SOMO,1165
2018,5,6,856,29,08SOMO,1391
2018,5,0,857,29,08SOMO,1294
2018,5,1,858,29,08SOMO,1550
2018,5,2,859,29,08SOMO,1629
2018,5,3,860,29,08SOMO,622
2018,5,4,861,29,08SOMO,1096
2018,5,5,862,29,08SOMO,1405
2018,5,6,863,29,08SOMO,1701
2018,5,0,864,29,08SOMO,1821
2018,5,1,865,29,08SOMO,1312
2018,5,2,866,29,08SOMO,1642
2018,5,3,867,29,08SOMO,1490
2018,5,4,868,29,08SOMO,1469
2018,5,5,869,29,08SOMO,430
2018,5,6,870,29,08SOMO,1294
2018,5,0,871,29,08SOMO,2009
2018,5,1,872,29,08SOMO,1325
2018,5,2,873,29,08SOMO,1782
2018,5,3,874,29,08SOMO,1722
2018,5,4,875,29,08SOMO,997
2018,5,5,876,29,08SOMO,652
2018,5,6,877,29,08SOMO,1213
2018,5,0,878,29,08SOMO,1443
2018,5,1,879,29,08SOMO,1961
2018,5,2,880,29,08SOMO,1880
2018,5,3,881,29,08SOMO,1251
2018,6,4,882,30,08SOMO,1188
2018,6,5,883,30,08SOMO,1578
2018,6,6,884,30,08SOMO,1463
2018,6,0,885,30,08SOMO,500
2018,6,1,886,30,08SOMO,865
2018,6,2,887,30,08SOMO,1192
2018,6,3,888,30,08SOMO,1370
2018,6,4,889,30,08SOMO,1495
2018,6,5,890,30,08SOMO,1903
2018,6,6,891,30,08SOMO,1647
2018,6,0,892,30,08SOMO,1857
2018,6,1,893,30,08SOMO,1892
2018,6,2,894,30,08SOMO,743
2018,6,3,895,30,08SOMO,772
2018,6,4,896,30,08SOMO,1458
2018,6,5,897,30,08SOMO,1316
2018,6,6,898,30,08SOMO,1297
2018,6,0,899,30,08SOMO,835
2018,6,1,900,30,08SOMO,1729
2018,6,2,901,30,08SOMO,1547
2018,6,3,902,30,08SOMO,1714
2018,6,4,903,30,08SOMO,1593
2018,6,5,904,30,08SOMO,610
2018,6,6,905,30,08SOMO,989
2018,6,0,906,30,08SOMO,1497
2018,6,1,907,30,08SOMO,1738
2018,6,2,908,30,08SOMO,1027
2018,6,3,909,30,08SOMO,1094
2018,6,4,910,30,08SOMO,1358
2018,6,5,911,30,08SOMO,643
2018,7,6,912,31,08SOMO,771
2018,7,0,913,31,08SOMO,613
2018,7,1,914,31,08SOMO,1195
2018,7,2,915,31,08SOMO,1315
2018,7,3,916,31,08SOMO,1275
2018,7,4,917,31,08SOMO,1517
2018,7,5,918,31,08SOMO,1275
2018,7,6,919,31,08SOMO,1309
2018,7,0,920,31,08SOMO,1421
2018,7,1,921,31,08SOMO,1900
2018,7,2,922,31,08SOMO,1891
2018,7,3,923,31,08SOMO,1778
2018,7,4,924,31,08SOMO,1515
2018,7,5,925,31,08SOMO,959
2018,7,6,926,31,08SOMO,1083
2018,7,0,927,31,08SOMO,1232
2018,7,1,928,31,08SOMO,1468
2018,7,2,929,31,08SOMO,1794
2018,7,3,930,31,08SOMO,1629
2018,7,4,931,31,08SOMO,1459
2018,7,5,932,31,08SOMO,1055
2018,7,6,933,31,08SOMO,461
2018,7,0,934,31,08SOMO,952
2018,7,1,935,31,08SOMO,567
2018,7,2,936,31,08SOMO,433
2018,7,3,937,31,08SOMO,1451
2018,7,4,938,31,08SOMO,1112
2018,7,5,939,31,08SOMO,919
2018,7,6,940,31,08SOMO,1322
2018,7,0,941,31,08SOMO,1494
2018,7,1,942,31,08SOMO,1523
2018,8,2,943,32,08SOMO,791
2018,8,3,944,32,08SOMO,1389
2018,8,4,945,32,08SOMO,1154
2018,8,5,946,32,08SOMO,816
2018,8,6,947,32,08SOMO,836
2018,8,0,948,32,08SOMO,712
2018,8,1,949,32,08SOMO,867
2018,8,2,950,32,08SOMO,980
2018,8,3,951,32,08SOMO,1268
2018,8,4,952,32,08SOMO,1376
2018,8,5,953,32,08SOMO,1096
2018,8,6,954,32,08SOMO,1172
2018,8,0,955,32,08SOMO,1459
2018,8,1,956,32,08SOMO,1289
2018,8,2,957,32,08SOMO,1332
2018,8,3,958,32,08SOMO,1578
2018,8,4,959,32,08SOMO,556
2018,8,5,960,32,08SOMO,981
2018,8,6,961,32,08SOMO,1379
2018,8,0,962,32,08SOMO,1448
2018,8,1,963,32,08SOMO,902
2018,8,2,964,32,08SOMO,906
2018,8,3,965,32,08SOMO,1457
2018,8,4,966,32,08SOMO,1331
2018,8,5,967,32,08SOMO,1056
2018,8,6,968,32,08SOMO,649
2018,8,0,969,32,08SOMO,1162
2018,8,1,970,32,08SOMO,1153
2018,8,2,971,32,08SOMO,1027
2018,8,3,972,32,08SOMO,1374
2018,8,4,973,32,08SOMO,1239
2018,9,5,974,33,08SOMO,834
2018,9,6,975,33,08SOMO,369
2018,9,0,976,33,08SOMO,775
2018,9,1,977,33,08SOMO,1446
2018,9,2,978,33,08SOMO,1179
2018,9,3,979,33,08SOMO,1334
2018,9,4,980,33,08SOMO,1362
2018,9,5,981,33,08SOMO,977
2018,9,6,982,33,08SOMO,974
2018,9,0,983,33,08SOMO,682
2018,9,1,984,33,08SOMO,849
2018,9,2,985,33,08SOMO,1465
2018,9,3,986,33,08SOMO,1564
2018,9,4,987,33,08SOMO,1407
2018,9,5,988,33,08SOMO,979
2018,9,6,989,33,08SOMO,1123
2018,9,0,990,33,08SOMO,1400
2018,9,1,991,33,08SOMO,1404
2018,9,2,992,33,08SOMO,1259
2018,9,3,993,33,08SOMO,880
2018,9,4,994,33,08SOMO,1367
2018,9,5,995,33,08SOMO,675
2018,9,6,996,33,08SOMO,587
2018,9,0,997,33,08SOMO,736
2018,9,1,998,33,08SOMO,343
2018,9,2,999,33,08SOMO,768
2018,9,3,1000,33,08SOMO,1099
2018,9,4,1001,33,08SOMO,1039
2018,9,5,1002,33,08SOMO,526
2018,9,6,1003,33,08SOMO,380
2018,10,0,1004,34,08SOMO,852
2018,10,1,1005,34,08SOMO,423
2018,10,2,1006,34,08SOMO,902
2018,10,3,1007,34,08SOMO,739
2018,10,4,1008,34,08SOMO,727
2018,10,5,1009,34,08SOMO,275
2018,10,6,1010,34,08SOMO,246
2018,10,0,1011,34,08SOMO,175
2018,10,1,1012,34,08SOMO,1093
2018,10,2,1013,34,08SOMO,1081
2018,10,3,1014,34,08SOMO,544
2018,10,4,1015,34,08SOMO,738
2018,10,5,1016,34,08SOMO,379
2018,10,6,1017,34,08SOMO,509
2018,10,0,1018,34,08SOMO,515
2018,10,1,1019,34,08SOMO,797
2018,10,2,1020,34,08SOMO,647
2018,10,3,1021,34,08SOMO,569
2018,10,4,1022,34,08SOMO,820
2018,10,5,1023,34,08SOMO,316
2018,10,6,1024,34,08SOMO,175
2018,10,0,1025,34,08SOMO,526
2018,10,1,1026,34,08SOMO,616
2018,10,2,1027,34,08SOMO,675
2018,10,3,1028,34,08SOMO,573
2018,10,4,1029,34,08SOMO,571
2018,10,5,1030,34,08SOMO,137
2018,10,6,1031,34,08SOMO,73
2018,10,0,1032,34,08SOMO,419
2018,10,1,1033,34,08SOMO,704
2018,10,2,1034,34,08SOMO,293
2018,11,3,1035,35,08SOMO,477
2018,11,4,1036,35,08SOMO,303
2018,11,5,1037,35,08SOMO,93
2018,11,6,1038,35,08SOMO,358
2018,11,0,1039,35,08SOMO,482
2018,11,1,1040,35,08SOMO,355
2018,11,2,1041,35,08SOMO,536
2018,11,3,1042,35,08SOMO,537
2018,11,4,1043,35,08SOMO,285
2018,11,5,1044,35,08SOMO,47
2018,11,6,1045,35,08SOMO,118
2018,11,0,1046,35,08SOMO,137
2018,11,1,1047,35,08SOMO,162
2018,11,2,1048,35,08SOMO,151
2018,11,3,1049,35,08SOMO,207
2018,11,4,1050,35,08SOMO,43
2018,11,5,1051,35,08SOMO,21
2018,11,6,1052,35,08SOMO,38
2018,11,0,1053,35,08SOMO,126
2018,11,1,1054,35,08SOMO,102
2018,11,2,1055,35,08SOMO,99
2018,11,3,1056,35,08SOMO,96
2018,11,4,1057,35,08SOMO,311
2018,11,5,1058,35,08SOMO,31
2018,11,6,1059,35,08SOMO,154
2018,11,0,1060,35,08SOMO,298
2018,11,1,1061,35,08SOMO,81
2018,11,2,1062,35,08SOMO,277
2018,11,3,1063,35,08SOMO,154
2018,11,4,1064,35,08SOMO,246
2018,12,5,1065,36,08SOMO,56
2018,12,6,1066,36,08SOMO,174
2018,12,0,1067,36,08SOMO,108
2018,12,1,1068,36,08SOMO,200
2018,12,2,1069,36,08SOMO,273
2018,12,3,1070,36,08SOMO,117
2018,12,4,1071,36,08SOMO,231
2018,12,5,1072,36,08SOMO,17
2018,12,6,1073,36,08SOMO,132
2018,12,0,1074,36,08SOMO,135
2018,12,1,1075,36,08SOMO,146
2018,12,2,1076,36,08SOMO,118
2018,12,3,1077,36,08SOMO,151
2018,12,4,1078,36,08SOMO,103
2018,12,5,1079,36,08SOMO,34
2018,12,6,1080,36,08SOMO,30
2018,12,0,1081,36,08SOMO,176
2018,12,1,1082,36,08SOMO,109
2018,12,2,1083,36,08SOMO,205
2018,12,3,1084,36,08SOMO,118
2018,12,4,1085,36,08SOMO,60
2018,12,5,1086,36,08SOMO,19
2018,12,6,1087,36,08SOMO,24
2018,12,0,1088,36,08SOMO,41
2018,12,1,1089,36,08SOMO,6
2018,12,2,1090,36,08SOMO,20
2018,12,3,1091,36,08SOMO,34
2018,12,4,1092,36,08SOMO,20
2018,12,5,1093,36,08SOMO,20
2018,12,6,1094,36,08SOMO,11
2018,12,0,1095,36,08SOMO,74
2019,1,1,1096,37,08SOMO,6
2019,1,2,1097,37,08SOMO,52
2019,1,3,1098,37,08SOMO,72
2019,1,4,1099,37,08SOMO,79
2019,1,5,1100,37,08SOMO,38
2019,1,6,1101,37,08SOMO,17
2019,1,0,1102,37,08SOMO,97
2019,1,1,1103,37,08SOMO,73
2019,1,2,1104,37,08SOMO,94
2019,1,3,1105,37,08SOMO,75
2019,1,4,1106,37,08SOMO,62
2019,1,5,1107,37,08SOMO,19
2019,1,6,1108,37,08SOMO,12
2019,1,0,1109,37,08SOMO,109
2019,1,1,1110,37,08SOMO,108
2019,1,2,1111,37,08SOMO,108
2019,1,3,1112,37,08SOMO,86
2019,1,4,1113,37,08SOMO,75
2019,1,5,1114,37,08SOMO,14
2019,1,6,1115,37,08SOMO,5
2019,1,0,1116,37,08SOMO,43
2019,1,1,1117,37,08SOMO,66
2019,1,2,1118,37,08SOMO,30
2019,1,3,1119,37,08SOMO,46
2019,1,4,1120,37,08SOMO,58
2019,1,5,1121,37,08SOMO,23
2019,1,6,1122,37,08SOMO,13
2019,1,0,1123,37,08SOMO,70
2019,1,1,1124,37,08SOMO,44
2019,1,2,1125,37,08SOMO,54
2019,1,3,1126,37,08SOMO,49
2019,2,4,1127,38,08SOMO,54
2019,2,5,1128,38,08SOMO,14
2019,2,6,1129,38,08SOMO,9
2019,2,0,1130,38,08SOMO,24
2019,2,1,1131,38,08SOMO,34
2019,2,2,1132,38,08SOMO,52
2019,2,3,1133,38,08SOMO,57
2019,2,4,1134,38,08SOMO,51
2019,2,5,1135,38,08SOMO,15
2019,2,6,1136,38,08SOMO,29
2019,2,0,1137,38,08SOMO,65
2019,2,1,1138,38,08SOMO,44
2019,2,2,1139,38,08SOMO,6
2019,2,3,1140,38,08SOMO,42
2019,2,4,1141,38,08SOMO,38
2019,2,5,1142,38,08SOMO,13
2019,2,6,1143,38,08SOMO,20
2019,2,0,1144,38,08SOMO,52
2019,2,1,1145,38,08SOMO,55
2019,2,2,1146,38,08SOMO,62
2019,2,3,1147,38,08SOMO,57
2019,2,4,1148,38,08SOMO,70
2019,2,5,1149,38,08SOMO,30
2019,2,6,1150,38,08SOMO,4
2019,2,0,1151,38,08SOMO,42
2019,2,1,1152,38,08SOMO,54
2019,2,2,1153,38,08SOMO,54
2019,2,3,1154,38,08SOMO,53
2019,3,4,1155,39,08SOMO,67
2019,3,5,1156,39,08SOMO,17
2019,3,6,1157,39,08SOMO,26
2019,3,0,1158,39,08SOMO,81
2019,3,1,1159,39,08SOMO,74
2019,3,2,1160,39,08SOMO,69
2019,3,3,1161,39,08SOMO,81
2019,3,4,1162,39,08SOMO,78
2019,3,5,1163,39,08SOMO,45
2019,3,6,1164,39,08SOMO,5
2019,3,0,1165,39,08SOMO,56
2019,3,1,1166,39,08SOMO,75
2019,3,2,1167,39,08SOMO,65
2019,3,3,1168,39,08SOMO,65
2019,3,4,1169,39,08SOMO,83
2019,3,5,1170,39,08SOMO,29
2019,3,6,1171,39,08SOMO,40
2019,3,0,1172,39,08SOMO,130
2019,3,1,1173,39,08SOMO,132
2019,3,2,1174,39,08SOMO,147
2019,3,3,1175,39,08SOMO,116
2019,3,4,1176,39,08SOMO,85
2019,3,5,1177,39,08SOMO,44
2019,3,6,1178,39,08SOMO,51
2019,3,0,1179,39,08SOMO,135
2019,3,1,1180,39,08SOMO,167
2019,3,2,1181,39,08SOMO,173
2019,3,3,1182,39,08SOMO,184
2019,3,4,1183,39,08SOMO,177
2019,3,5,1184,39,08SOMO,16
2019,3,6,1185,39,08SOMO,37
2019,4,0,1186,40,08SOMO,177
2019,4,1,1187,40,08SOMO,187
2019,4,2,1188,40,08SOMO,172
2019,4,3,1189,40,08SOMO,197
2019,4,4,1190,40,08SOMO,162
2019,4,5,1191,40,08SOMO,167
2019,4,6,1192,40,08SOMO,174
2019,4,0,1193,40,08SOMO,129
2019,4,1,1194,40,08SOMO,88
2019,4,2,1195,40,08SOMO,127
2019,4,3,1196,40,08SOMO,225
2019,4,4,1197,40,08SOMO,235
2019,4,5,1198,40,08SOMO,509
2019,4,6,1199,40,08SOMO,159
2019,4,0,1200,40,08SOMO,169
2019,4,1,1201,40,08SOMO,483
2019,4,2,1202,40,08SOMO,644
2019,4,3,1203,40,08SOMO,289
2019,4,4,1204,40,08SOMO,35
2019,4,5,1205,40,08SOMO,133
2019,4,6,1206,40,08SOMO,532
2019,4,0,1207,40,08SOMO,1037
2019,4,1,1208,40,08SOMO,647
2019,4,2,1209,40,08SOMO,391
2019,4,3,1210,40,08SOMO,929
2019,4,4,1211,40,08SOMO,219
2019,4,5,1212,40,08SOMO,139
2019,4,6,1213,40,08SOMO,614
2019,4,0,1214,40,08SOMO,682
2019,4,1,1215,40,08SOMO,789
2019,5,2,1216,41,08SOMO,291
2019,5,3,1217,41,08SOMO,577
2019,5,4,1218,41,08SOMO,317
2019,5,5,1219,41,08SOMO,1018
2019,5,6,1220,41,08SOMO,1682
2019,5,0,1221,41,08SOMO,1172
2019,5,1,1222,41,08SOMO,1166
2019,5,2,1223,41,08SOMO,1151
2019,5,3,1224,41,08SOMO,545
2019,5,4,1225,41,08SOMO,360
2019,5,5,1226,41,08SOMO,879
2019,5,6,1227,41,08SOMO,1049
2019,5,0,1228,41,08SOMO,627
2019,5,1,1229,41,08SOMO,487
2019,5,2,1230,41,08SOMO,984
2019,5,3,1231,41,08SOMO,1031
2019,5,4,1232,41,08SOMO,766
2019,5,5,1233,41,08SOMO,1093
2019,5,6,1234,41,08SOMO,845
2019,5,0,1235,41,08SOMO,1049
2019,5,1,1236,41,08SOMO,1140
2019,5,2,1237,41,08SOMO,1525
2019,5,3,1238,41,08SOMO,658
2019,5,4,1239,41,08SOMO,1213
2019,5,5,1240,41,08SOMO,614
2019,5,6,1241,41,08SOMO,1485
2019,5,0,1242,41,08SOMO,1361
2019,5,1,1243,41,08SOMO,713
2019,5,2,1244,41,08SOMO,1183
2019,5,3,1245,41,08SOMO,962
2019,5,4,1246,41,08SOMO,913
2019,6,5,1247,42,08SOMO,739
2019,6,6,1248,42,08SOMO,299
2019,6,0,1249,42,08SOMO,710
2019,6,1,1250,42,08SOMO,919
2019,6,2,1251,42,08SOMO,647
2019,6,3,1252,42,08SOMO,1278
2019,6,4,1253,42,08SOMO,1207
2019,6,5,1254,42,08SOMO,1045
2019,6,6,1255,42,08SOMO,1095
2019,6,0,1256,42,08SOMO,806
2019,6,1,1257,42,08SOMO,930
2019,6,2,1258,42,08SOMO,1396
2019,6,3,1259,42,08SOMO,711
2019,6,4,1260,42,08SOMO,445
2019,6,5,1261,42,08SOMO,134
2019,6,6,1262,42,08SOMO,1585
2019,6,0,1263,42,08SOMO,1274
2019,6,1,1264,42,08SOMO,1356
2019,6,2,1265,42,08SOMO,1118
2019,6,3,1266,42,08SOMO,668
2019,6,4,1267,42,08SOMO,1145
2019,6,5,1268,42,08SOMO,1050
2019,6,6,1269,42,08SOMO,1221
2019,6,0,1270,42,08SOMO,1225
2019,6,1,1271,42,08SOMO,687
2019,6,2,1272,42,08SOMO,1022
2019,6,3,1273,42,08SOMO,1409
2019,6,4,1274,42,08SOMO,927
2019,6,5,1275,42,08SOMO,885
2019,6,6,1276,42,08SOMO,1060
2019,7,0,1277,43,08SOMO,1450
2019,7,1,1278,43,08SOMO,1338
2019,7,2,1279,43,08SOMO,1465
2019,7,3,1280,43,08SOMO,1505
2019,7,4,1281,43,08SOMO,983
2019,7,5,1282,43,08SOMO,906
2019,7,6,1283,43,08SOMO,1713
2019,7,0,1284,43,08SOMO,1480
2019,7,1,1285,43,08SOMO,1666
2019,7,2,1286,43,08SOMO,1704
2019,7,3,1287,43,08SOMO,754
2019,7,4,1288,43,08SOMO,1480
2019,7,5,1289,43,08SOMO,1083
2019,7,6,1290,43,08SOMO,1538
2019,7,0,1291,43,08SOMO,1491
2019,7,1,1292,43,08SOMO,1049
2019,7,2,1293,43,08SOMO,1360
2019,7,3,1294,43,08SOMO,1459
2019,7,4,1295,43,08SOMO,988
2019,7,5,1296,43,08SOMO,632
2019,7,6,1297,43,08SOMO,958
2019,7,0,1298,43,08SOMO,1311
2019,7,1,1299,43,08SOMO,1614
2019,7,2,1300,43,08SOMO,1566
2019,7,3,1301,43,08SOMO,1320
2019,7,4,1302,43,08SOMO,1192
2019,7,5,1303,43,08SOMO,915
2019,7,6,1304,43,08SOMO,964
2019,7,0,1305,43,08SOMO,1193
2019,7,1,1306,43,08SOMO,896
2019,7,2,1307,43,08SOMO,1547
2019,8,3,1308,44,08SOMO,1386
2019,8,4,1309,44,08SOMO,1236
2019,8,5,1310,44,08SOMO,773
2019,8,6,1311,44,08SOMO,1191
2019,8,0,1312,44,08SOMO,1055
2019,8,1,1313,44,08SOMO,841
2019,8,2,1314,44,08SOMO,725
2019,8,3,1315,44,08SOMO,961
2019,8,4,1316,44,08SOMO,997
2019,8,5,1317,44,08SOMO,737
2019,8,6,1318,44,08SOMO,1225
2019,8,0,1319,44,08SOMO,1117
2019,8,1,1320,44,08SOMO,1441
2019,8,2,1321,44,08SOMO,1569
2019,8,3,1322,44,08SOMO,1355
2019,8,4,1323,44,08SOMO,1205
2019,8,5,1324,44,08SOMO,390
2019,8,6,1325,44,08SOMO,884
2019,8,0,1326,44,08SOMO,1027
2019,8,1,1327,44,08SOMO,1458
2019,8,2,1328,44,08SOMO,765
2019,8,3,1329,44,08SOMO,1422
2019,8,4,1330,44,08SOMO,1191
2019,8,5,1331,44,08SOMO,1032
2019,8,6,1332,44,08SOMO,1193
2019,8,0,1333,44,08SOMO,1426
2019,8,1,1334,44,08SOMO,1288
2019,8,2,1335,44,08SOMO,484
2019,8,3,1336,44,08SOMO,1341
2019,8,4,1337,44,08SOMO,895
2019,8,5,1338,44,08SOMO,870
2019,9,6,1339,45,08SOMO,1071
2019,9,0,1340,45,08SOMO,818
2019,9,1,1341,45,08SOMO,1244
2019,9,2,1342,45,08SOMO,929
2019,9,3,1343,45,08SOMO,1424
2019,9,4,1344,45,08SOMO,923
2019,9,5,1345,45,08SOMO,396
2019,9,6,1346,45,08SOMO,896
2019,9,0,1347,45,08SOMO,1215
2019,9,1,1348,45,08SOMO,848
2019,9,2,1349,45,08SOMO,1237
2019,9,3,1350,45,08SOMO,1323
2019,9,4,1351,45,08SOMO,1195
2019,9,5,1352,45,08SOMO,483
2019,9,6,1353,45,08SOMO,837
2019,9,0,1354,45,08SOMO,1203
2019,9,1,1355,45,08SOMO,1306
2019,9,2,1356,45,08SOMO,1332
2019,9,3,1357,45,08SOMO,1268
2019,9,4,1358,45,08SOMO,1248
2019,9,5,1359,45,08SOMO,1189
2019,9,6,1360,45,08SOMO,881
2019,9,0,1361,45,08SOMO,414
2019,9,1,1362,45,08SOMO,921
2019,9,2,1363,45,08SOMO,1262
2019,9,3,1364,45,08SOMO,560
2019,9,4,1365,45,08SOMO,1080
2019,9,5,1366,45,08SOMO,175
2019,9,6,1367,45,08SOMO,848
2019,9,0,1368,45,08SOMO,973
2019,10,1,1369,46,08SOMO,476
2019,10,2,1370,46,08SOMO,836
2019,10,3,1371,46,08SOMO,705
2019,10,4,1372,46,08SOMO,660
2019,10,5,1373,46,08SOMO,609
2019,10,6,1374,46,08SOMO,199
2019,10,0,1375,46,08SOMO,873
2019,10,1,1376,46,08SOMO,1117
2019,10,2,1377,46,08SOMO,1039
2019,10,3,1378,46,08SOMO,1040
2019,10,4,1379,46,08SOMO,904
2019,10,5,1380,46,08SOMO,247
2019,10,6,1381,46,08SOMO,569
2019,10,0,1382,46,08SOMO,213
2019,10,1,1383,46,08SOMO,879
2019,10,2,1384,46,08SOMO,466
2019,10,3,1385,46,08SOMO,281
2019,10,4,1386,46,08SOMO,647
2019,10,5,1387,46,08SOMO,428
2019,10,6,1388,46,08SOMO,635
2019,10,0,1389,46,08SOMO,901
2019,10,1,1390,46,08SOMO,426
2019,10,2,1391,46,08SOMO,739
2019,10,3,1392,46,08SOMO,593
2019,10,4,1393,46,08SOMO,686
2019,10,5,1394,46,08SOMO,595
2019,10,6,1395,46,08SOMO,30
2019,10,0,1396,46,08SOMO,768
2019,10,1,1397,46,08SOMO,963
2019,10,2,1398,46,08SOMO,574
2019,10,3,1399,46,08SOMO,267
2019,11,4,1400,47,08SOMO,236
2019,11,5,1401,47,08SOMO,95
2019,11,6,1402,47,08SOMO,192
2019,11,0,1403,47,08SOMO,405
2019,11,1,1404,47,08SOMO,490
2019,11,2,1405,47,08SOMO,429
2019,11,3,1406,47,08SOMO,218
2019,11,4,1407,47,08SOMO,263
2019,11,5,1408,47,08SOMO,86
2019,11,6,1409,47,08SOMO,101
2019,11,0,1410,47,08SOMO,125
2019,11,1,1411,47,08SOMO,70
2019,11,2,1412,47,08SOMO,90
2019,11,3,1413,47,08SOMO,87
2019,11,4,1414,47,08SOMO,94
2019,11,5,1415,47,08SOMO,35
2019,11,6,1416,47,08SOMO,40
2019,11,0,1417,47,08SOMO,142
2019,11,1,1418,47,08SOMO,163
2019,11,2,1419,47,08SOMO,189
2019,11,3,1420,47,08SOMO,210
2019,11,4,1421,47,08SOMO,153
2019,11,5,1422,47,08SOMO,103
2019,11,6,1423,47,08SOMO,145
2019,11,0,1424,47,08SOMO,264
2019,11,1,1425,47,08SOMO,317
2019,11,2,1426,47,08SOMO,169
2019,11,3,1427,47,08SOMO,211
2019,11,4,1428,47,08SOMO,177
2019,11,5,1429,47,08SOMO,53
2019,12,6,1430,48,08SOMO,34
2019,12,0,1431,48,08SOMO,213
2019,12,1,1432,48,08SOMO,236
2019,12,2,1433,48,08SOMO,173
2019,12,3,1434,48,08SOMO,144
2019,12,4,1435,48,08SOMO,138
2019,12,5,1436,48,08SOMO,25
2019,12,6,1437,48,08SOMO,42
2019,12,0,1438,48,08SOMO,150
2019,12,1,1439,48,08SOMO,168
2019,12,2,1440,48,08SOMO,151
2019,12,3,1441,48,08SOMO,132
2019,12,4,1442,48,08SOMO,159
2019,12,5,1443,48,08SOMO,26
2019,12,6,1444,48,08SOMO,20
2019,12,0,1445,48,08SOMO,124
2019,12,1,1446,48,08SOMO,122
2019,12,2,1447,48,08SOMO,103
2019,12,3,1448,48,08SOMO,73
2019,12,4,1449,48,08SOMO,87
2019,12,5,1450,48,08SOMO,27
2019,12,6,1451,48,08SOMO,30
2019,12,0,1452,48,08SOMO,85
2019,12,1,1453,48,08SOMO,51
2019,12,2,1454,48,08SOMO,8
2019,12,3,1455,48,08SOMO,20
2019,12,4,1456,48,08SOMO,30
2019,12,5,1457,48,08SOMO,22
2019,12,6,1458,48,08SOMO,27
2019,12,0,1459,48,08SOMO,26
2019,12,1,1460,48,08SOMO,18
2020,1,2,1461,49,08SOMO,31
2020,1,3,1462,49,08SOMO,64
2020,1,4,1463,49,08SOMO,88
2020,1,5,1464,49,08SOMO,20
2020,1,6,1465,49,08SOMO,24
2020,1,0,1466,49,08SOMO,116
2020,1,1,1467,49,08SOMO,126
2020,1,2,1468,49,08SOMO,112
2020,1,3,1469,49,08SOMO,92
2020,1,4,1470,49,08SOMO,100
2020,1,5,1471,49,08SOMO,17
2020,1,6,1472,49,08SOMO,14
2020,1,0,1473,49,08SOMO,102
2020,1,1,1474,49,08SOMO,90
2020,1,2,1475,49,08SOMO,111
2020,1,3,1476,49,08SOMO,88
2020,1,4,1477,49,08SOMO,68
2020,1,5,1478,49,08SOMO,7
2020,1,6,1479,49,08SOMO,8
2020,1,0,1480,49,08SOMO,70
2020,1,1,1481,49,08SOMO,96
2020,1,2,1482,49,08SOMO,120
2020,1,3,1483,49,08SOMO,117
2020,1,4,1484,49,08SOMO,99
2020,1,5,1485,49,08SOMO,26
2020,1,6,1486,49,08SOMO,17
2020,1,0,1487,49,08SOMO,97
2020,1,1,1488,49,08SOMO,74
2020,1,2,1489,49,08SOMO,95
2020,1,3,1490,49,08SOMO,100
2020,1,4,1491,49,08SOMO,95
2020,2,5,1492,50,08SOMO,24
2020,2,6,1493,50,08SOMO,24
2020,2,0,1494,50,08SOMO,100
2020,2,1,1495,50,08SOMO,114
2020,2,2,1496,50,08SOMO,106
2020,2,3,1497,50,08SOMO,67
2020,2,4,1498,50,08SOMO,44
2020,2,5,1499,50,08SOMO,18
2020,2,6,1500,50,08SOMO,16
2020,2,0,1501,50,08SOMO,70
2020,2,1,1502,50,08SOMO,101
2020,2,2,1503,50,08SOMO,113
2020,2,3,1504,50,08SOMO,69
2020,2,4,1505,50,08SOMO,59
2020,2,5,1506,50,08SOMO,24
2020,2,6,1507,50,08SOMO,26
2020,2,0,1508,50,08SOMO,63
2020,2,1,1509,50,08SOMO,68
2020,2,2,1510,50,08SOMO,73
2020,2,3,1511,50,08SOMO,90
2020,2,4,1512,50,08SOMO,67
2020,2,5,1513,50,08SOMO,28
2020,2,6,1514,50,08SOMO,44
2020,2,0,1515,50,08SOMO,122
2020,2,1,1516,50,08SOMO,139
2020,2,2,1517,50,08SOMO,130
2020,2,3,1518,50,08SOMO,23
2020,2,4,1519,50,08SOMO,54
2020,2,5,1520,50,08SOMO,31
2020,3,6,1521,51,08SOMO,25
2020,3,0,1522,51,08SOMO,97
2020,3,1,1523,51,08SOMO,90
2020,3,2,1524,51,08SOMO,91
2020,3,3,1525,51,08SOMO,117
2020,3,4,1526,51,08SOMO,66
2020,3,5,1527,51,08SOMO,44
2020,3,6,1528,51,08SOMO,39
2020,3,0,1529,51,08SOMO,157
2020,3,1,1530,51,08SOMO,108
2020,3,2,1531,51,08SOMO,127
2020,3,3,1532,51,08SOMO,152
2020,3,4,1533,51,08SOMO,97
2020,3,5,1534,51,08SOMO,68
2020,3,6,1535,51,08SOMO,66
2020,3,0,1536,51,08SOMO,103
2020,3,1,1537,51,08SOMO,71
2020,3,2,1538,51,08SOMO,147
2020,3,3,1539,51,08SOMO,124
2020,3,4,1540,51,08SOMO,100
2020,3,5,1541,51,08SOMO,93
2020,3,6,1542,51,08SOMO,158
2020,3,0,1543,51,08SOMO,39
2020,3,1,1544,51,08SOMO,101
2020,3,2,1545,51,08SOMO,144
2020,3,3,1546,51,08SOMO,77
2020,3,4,1547,51,08SOMO,411
2020,3,5,1548,51,08SOMO,400
2020,3,6,1549,51,08SOMO,33
2020,3,0,1550,51,08SOMO,66
2020,3,1,1551,51,08SOMO,388
2020,4,2,1552,52,08SOMO,341
2020,4,3,1553,52,08SOMO,373
2020,4,4,1554,52,08SOMO,131
2020,4,5,1555,52,08SOMO,781
2020,4,6,1556,52,08SOMO,287
2020,4,0,1557,52,08SOMO,586
2020,4,1,1558,52,08SOMO,619
2020,4,2,1559,52,08SOMO,289
2020,4,3,1560,52,08SOMO,101
2020,4,4,1561,52,08SOMO,197
2020,4,5,1562,52,08SOMO,470
2020,4,6,1563,52,08SOMO,470
2020,4,0,1564,52,08SOMO,56
2020,4,1,1565,52,08SOMO,285
2020,4,2,1566,52,08SOMO,179
2020,4,3,1567,52,08SOMO,261
2020,4,4,1568,52,08SOMO,241
2020,4,5,1569,52,08SOMO,1096
2020,4,6,1570,52,08SOMO,126
2020,4,0,1571,52,08SOMO,447
2020,4,1,1572,52,08SOMO,95
2020,4,2,1573,52,08SOMO,96
2020,4,3,1574,52,08SOMO,406
2020,4,4,1575,52,08SOMO,417
2020,4,5,1576,52,08SOMO,1448
2020,4,6,1577,52,08SOMO,661
2020,4,0,1578,52,08SOMO,542
2020,4,1,1579,52,08SOMO,1013
2020,4,2,1580,52,08SOMO,476
2020,4,3,1581,52,08SOMO,64
2020,5,4,1582,53,08SOMO,481
2020,5,5,1583,53,08SOMO,1764
2020,5,6,1584,53,08SOMO,1492
2020,5,0,1585,53,08SOMO,295
2020,5,1,1586,53,08SOMO,629
2020,5,2,1587,53,08SOMO,894
2020,5,3,1588,53,08SOMO,553
2020,5,4,1589,53,08SOMO,214
2020,5,5,1590,53,08SOMO,192
2020,5,6,1591,53,08SOMO,711
2020,5,0,1592,53,08SOMO,474
2020,5,1,1593,53,08SOMO,424
2020,5,2,1594,53,08SOMO,991
2020,5,3,1595,53,08SOMO,827
2020,5,4,1596,53,08SOMO,265
2020,5,5,1597,53,08SOMO,1694
2020,5,6,1598,53,08SOMO,1768
2020,5,0,1599,53,08SOMO,1690
2020,5,1,1600,53,08SOMO,795
2020,5,2,1601,53,08SOMO,1200
2020,5,3,1602,53,08SOMO,1042
2020,5,4,1603,53,08SOMO,1140
2020,5,5,1604,53,08SOMO,1683
2020,5,6,1605,53,08SOMO,1810
2020,5,0,1606,53,08SOMO,532
2020,5,1,1607,53,08SOMO,803
2020,5,2,1608,53,08SOMO,776
2020,5,3,1609,53,08SOMO,745
2020,5,4,1610,53,08SOMO,674
2020,5,5,1611,53,08SOMO,1138
2020,5,6,1612,53,08SOMO,962
2020,6,0,1613,54,08SOMO,695
2020,6,1,1614,54,08SOMO,380
2020,6,2,1615,54,08SOMO,658
2020,6,3,1616,54,08SOMO,1402
2020,6,4,1617,54,08SOMO,1129
2020,6,5,1618,54,08SOMO,1409
2020,6,6,1619,54,08SOMO,1982
2020,6,0,1620,54,08SOMO,1002
2020,6,1,1621,54,08SOMO,823
2020,6,2,1622,54,08SOMO,705
2020,6,3,1623,54,08SOMO,843
2020,6,4,1624,54,08SOMO,855
2020,6,5,1625,54,08SOMO,1054
2020,6,6,1626,54,08SOMO,1812
2020,6,0,1627,54,08SOMO,1159
2020,6,1,1628,54,08SOMO,1251
2020,6,2,1629,54,08SOMO,1204
2020,6,3,1630,54,08SOMO,1085
2020,6,4,1631,54,08SOMO,1065
2020,6,5,1632,54,08SOMO,1147
2020,6,6,1633,54,08SOMO,1213
2020,6,0,1634,54,08SOMO,621
2020,6,1,1635,54,08SOMO,747
2020,6,2,1636,54,08SOMO,851
2020,6,3,1637,54,08SOMO,983
2020,6,4,1638,54,08SOMO,1135
2020,6,5,1639,54,08SOMO,837
2020,6,6,1640,54,08SOMO,1298
2020,6,0,1641,54,08SOMO,919
2020,6,1,1642,54,08SOMO,1114
2016,1,4,0,1,10OGLD,1
2016,1,5,1,1,10OGLD,15
2016,1,6,2,1,10OGLD,18
2016,1,0,3,1,10OGLD,50
2016,1,1,4,1,10OGLD,55
2016,1,2,5,1,10OGLD,63
2016,1,3,6,1,10OGLD,63
2016,1,4,7,1,10OGLD,76
2016,1,5,8,1,10OGLD,20
2016,1,6,9,1,10OGLD,4
2016,1,0,10,1,10OGLD,59
2016,1,1,11,1,10OGLD,53
2016,1,2,12,1,10OGLD,41
2016,1,3,13,1,10OGLD,46
2016,1,4,14,1,10OGLD,54
2016,1,5,15,1,10OGLD,8
2016,1,6,16,1,10OGLD,11
2016,1,0,17,1,10OGLD,42
2016,1,1,18,1,10OGLD,49
2016,1,2,19,1,10OGLD,49
2016,1,3,20,1,10OGLD,48
2016,1,4,21,1,10OGLD,48
2016,1,5,22,1,10OGLD,66
2016,1,6,23,1,10OGLD,18
2016,1,0,24,1,10OGLD,79
2016,1,1,25,1,10OGLD,64
2016,1,2,26,1,10OGLD,58
2016,1,3,27,1,10OGLD,64
2016,1,4,28,1,10OGLD,50
2016,1,5,29,1,10OGLD,16
2016,1,6,30,1,10OGLD,27
2016,2,0,31,2,10OGLD,90
2016,2,1,32,2,10OGLD,91
2016,2,2,33,2,10OGLD,46
2016,2,3,34,2,10OGLD,71
2016,2,4,35,2,10OGLD,70
2016,2,5,36,2,10OGLD,30
2016,2,6,37,2,10OGLD,14
2016,2,0,38,2,10OGLD,65
2016,2,1,39,2,10OGLD,49
2016,2,2,40,2,10OGLD,62
2016,2,3,41,2,10OGLD,42
2016,2,4,42,2,10OGLD,47
2016,2,5,43,2,10OGLD,7
2016,2,6,44,2,10OGLD,10
2016,2,0,45,2,10OGLD,34
2016,2,1,46,2,10OGLD,16
2016,2,2,47,2,10OGLD,6
2016,2,3,48,2,10OGLD,25
2016,2,4,49,2,10OGLD,42
2016,2,5,50,2,10OGLD,11
2016,2,6,51,2,10OGLD,22
2016,2,0,52,2,10OGLD,68
2016,2,1,53,2,10OGLD,64
2016,2,2,54,2,10OGLD,44
2016,2,3,55,2,10OGLD,42
2016,2,4,56,2,10OGLD,37
2016,2,5,57,2,10OGLD,25
2016,2,6,58,2,10OGLD,23
2016,2,0,59,2,10OGLD,53
2016,3,1,60,3,10OGLD,66
2016,3,2,61,3,10OGLD,26
2016,3,3,62,3,10OGLD,45
2016,3,4,63,3,10OGLD,60
2016,3,5,64,3,10OGLD,22
2016,3,6,65,3,10OGLD,33
2016,3,0,66,3,10OGLD,57
2016,3,1,67,3,10OGLD,91
2016,3,2,68,3,10OGLD,88
2016,3,3,69,3,10OGLD,107
2016,3,4,70,3,10OGLD,106
2016,3,5,71,3,10OGLD,117
2016,3,6,72,3,10OGLD,157
2016,3,0,73,3,10OGLD,82
2016,3,1,74,3,10OGLD,85
2016,3,2,75,3,10OGLD,101
2016,3,3,76,3,10OGLD,141
2016,3,4,77,3,10OGLD,113
2016,3,5,78,3,10OGLD,76
2016,3,6,79,3,10OGLD,93
2016,3,0,80,3,10OGLD,137
2016,3,1,81,3,10OGLD,126
2016,3,2,82,3,10OGLD,124
2016,3,3,83,3,10OGLD,50
2016,3,4,84,3,10OGLD,13
2016,3,5,85,3,10OGLD,39
2016,3,6,86,3,10OGLD,151
2016,3,0,87,3,10OGLD,17
2016,3,1,88,3,10OGLD,204
2016,3,2,89,3,10OGLD,287
2016,3,3,90,3,10OGLD,89
2016,1,0,3,1,10OGLD,227
2016,2,3,34,2,10OGLD,135
2016,3,4,63,3,10OGLD,51
2016,4,0,94,4,10OGLD,183
2016,5,2,124,5,10OGLD,226
2016,6,5,155,6,10OGLD,146
2016,7,0,185,7,10OGLD,46
2016,8,3,216,8,10OGLD,110
2016,9,6,247,9,10OGLD,66
2016,10,1,277,10,10OGLD,137
2016,11,4,308,11,10OGLD,72
2016,12,6,338,12,10OGLD,225
2016,4,2,103,4,10OGLD,387
2016,4,3,104,4,10OGLD,451
2016,4,4,105,4,10OGLD,477
2016,4,5,106,4,10OGLD,661
2016,4,6,107,4,10OGLD,1054
2016,4,0,108,4,10OGLD,456
2016,4,1,109,4,10OGLD,600
2016,4,2,110,4,10OGLD,772
2016,4,3,111,4,10OGLD,780
2016,4,4,112,4,10OGLD,280
2016,4,5,113,4,10OGLD,481
2016,4,6,114,4,10OGLD,652
2016,4,0,115,4,10OGLD,538
2016,4,1,116,4,10OGLD,468
2016,4,2,117,4,10OGLD,505
2016,4,3,118,4,10OGLD,501
2016,4,4,119,4,10OGLD,626
2016,4,5,120,4,10OGLD,795
2016,1,1,4,1,10OGLD,231
2016,2,4,35,2,10OGLD,511
2016,3,5,64,3,10OGLD,815
2016,4,1,95,4,10OGLD,742
2016,5,3,125,5,10OGLD,845
2016,6,6,156,6,10OGLD,960
2016,7,1,186,7,10OGLD,825
2016,8,4,217,8,10OGLD,317
2016,9,0,248,9,10OGLD,612
2016,10,2,278,10,10OGLD,900
2016,11,5,309,11,10OGLD,1102
2016,12,0,339,12,10OGLD,1195
2016,5,4,133,5,10OGLD,445
2016,5,5,134,5,10OGLD,572
2016,5,6,135,5,10OGLD,286
2016,5,0,136,5,10OGLD,522
2016,5,1,137,5,10OGLD,782
2016,5,2,138,5,10OGLD,1017
2016,5,3,139,5,10OGLD,991
2016,5,4,140,5,10OGLD,1181
2016,5,5,141,5,10OGLD,1045
2016,5,6,142,5,10OGLD,1273
2016,5,0,143,5,10OGLD,1206
2016,5,1,144,5,10OGLD,1242
2016,5,2,145,5,10OGLD,1254
2016,5,3,146,5,10OGLD,1234
2016,5,4,147,5,10OGLD,960
2016,5,5,148,5,10OGLD,902
2016,5,6,149,5,10OGLD,918
2016,5,0,150,5,10OGLD,1133
2016,5,1,151,5,10OGLD,1270
2016,1,2,5,1,10OGLD,1296
2016,2,5,36,2,10OGLD,558
2016,3,6,65,3,10OGLD,1219
2016,4,2,96,4,10OGLD,1279
2016,5,4,126,5,10OGLD,127
2016,6,0,157,6,10OGLD,1018
2016,7,2,187,7,10OGLD,936
2016,8,5,218,8,10OGLD,799
2016,9,1,249,9,10OGLD,866
2016,10,3,279,10,10OGLD,1019
2016,11,6,310,11,10OGLD,284
2016,12,1,340,12,10OGLD,275
2016,6,0,164,6,10OGLD,930
2016,6,1,165,6,10OGLD,1316
2016,6,2,166,6,10OGLD,1307
2016,6,3,167,6,10OGLD,1269
2016,6,4,168,6,10OGLD,1172
2016,6,5,169,6,10OGLD,1065
2016,6,6,170,6,10OGLD,976
2016,6,0,171,6,10OGLD,931
2016,6,1,172,6,10OGLD,1313
2016,6,2,173,6,10OGLD,1234
2016,6,3,174,6,10OGLD,1233
2016,6,4,175,6,10OGLD,1196
2016,6,5,176,6,10OGLD,965
2016,6,6,177,6,10OGLD,929
2016,6,0,178,6,10OGLD,733
2016,6,1,179,6,10OGLD,1092
2016,6,2,180,6,10OGLD,1224
2016,6,3,181,6,10OGLD,1148
2016,1,3,6,1,10OGLD,806
2016,2,6,37,2,10OGLD,558
2016,3,0,66,3,10OGLD,1042
2016,4,3,97,4,10OGLD,1254
2016,5,5,127,5,10OGLD,1261
2016,6,1,158,6,10OGLD,1212
2016,7,3,188,7,10OGLD,1219
2016,8,6,219,8,10OGLD,1012
2016,9,2,250,9,10OGLD,202
2016,10,4,280,10,10OGLD,690
2016,11,0,311,11,10OGLD,1377
2016,12,2,341,12,10OGLD,1365
2016,7,2,194,7,10OGLD,1235
2016,7,3,195,7,10OGLD,872
2016,7,4,196,7,10OGLD,1019
2016,7,5,197,7,10OGLD,990
2016,7,6,198,7,10OGLD,1142
2016,7,0,199,7,10OGLD,1065
2016,7,1,200,7,10OGLD,1363
2016,7,2,201,7,10OGLD,1353
2016,7,3,202,7,10OGLD,1240
2016,7,4,203,7,10OGLD,909
2016,7,5,204,7,10OGLD,718
2016,7,6,205,7,10OGLD,934
2016,7,0,206,7,10OGLD,543
2016,7,1,207,7,10OGLD,1273
2016,7,2,208,7,10OGLD,1230
2016,7,3,209,7,10OGLD,1187
2016,7,4,210,7,10OGLD,1149
2016,7,5,211,7,10OGLD,750
2016,7,6,212,7,10OGLD,817
2016,1,4,7,1,10OGLD,833
2016,2,0,38,2,10OGLD,1164
2016,3,1,67,3,10OGLD,1177
2016,4,4,98,4,10OGLD,1064
2016,5,6,128,5,10OGLD,918
2016,6,2,159,6,10OGLD,841
2016,7,4,189,7,10OGLD,889
2016,8,0,220,8,10OGLD,1180
2016,9,3,251,9,10OGLD,1261
2016,10,5,281,10,10OGLD,1094
2016,11,1,312,11,10OGLD,1049
2016,12,3,342,12,10OGLD,536
2016,8,5,225,8,10OGLD,106
2016,8,6,226,8,10OGLD,762
2016,8,0,227,8,10OGLD,1227
2016,8,1,228,8,10OGLD,536
2016,8,2,229,8,10OGLD,1220
2016,8,3,230,8,10OGLD,1150
2016,8,4,231,8,10OGLD,1109
2016,8,5,232,8,10OGLD,778
2016,8,6,233,8,10OGLD,176
2016,8,0,234,8,10OGLD,1181
2016,8,1,235,8,10OGLD,1337
2016,8,2,236,8,10OGLD,1320
2016,8,3,237,8,10OGLD,1004
2016,8,4,238,8,10OGLD,1068
2016,8,5,239,8,10OGLD,1029
2016,8,6,240,8,10OGLD,522
2016,8,0,241,8,10OGLD,1218
2016,8,1,242,8,10OGLD,1144
2016,8,2,243,8,10OGLD,1123
2016,1,5,8,1,10OGLD,1122
2016,2,1,39,2,10OGLD,1101
2016,3,2,68,3,10OGLD,844
2016,4,5,99,4,10OGLD,893
2016,5,0,129,5,10OGLD,950
2016,6,3,160,6,10OGLD,1238
2016,7,5,190,7,10OGLD,1116
2016,8,1,221,8,10OGLD,652
2016,9,4,252,9,10OGLD,1153
2016,10,6,282,10,10OGLD,553
2016,11,2,313,11,10OGLD,665
2016,12,4,343,12,10OGLD,1177
2016,9,1,256,9,10OGLD,1354
2016,9,2,257,9,10OGLD,884
2016,9,3,258,9,10OGLD,1102
2016,9,4,259,9,10OGLD,1088
2016,9,5,260,9,10OGLD,312
2016,9,6,261,9,10OGLD,742
2016,9,0,262,9,10OGLD,1093
2016,9,1,263,9,10OGLD,1180
2016,9,2,264,9,10OGLD,1272
2016,9,3,265,9,10OGLD,888
2016,9,4,266,9,10OGLD,598
2016,9,5,267,9,10OGLD,608
2016,9,6,268,9,10OGLD,622
2016,9,0,269,9,10OGLD,859
2016,9,1,270,9,10OGLD,949
2016,9,2,271,9,10OGLD,995
2016,9,3,272,9,10OGLD,999
2016,9,4,273,9,10OGLD,820
2016,1,6,9,1,10OGLD,822
2016,2,2,40,2,10OGLD,395
2016,3,3,69,3,10OGLD,1839
2016,4,6,100,4,10OGLD,2047
2016,5,1,130,5,10OGLD,2081
2016,6,4,161,6,10OGLD,2031
2016,7,6,191,7,10OGLD,1640
2016,8,2,222,8,10OGLD,423
2016,9,5,253,9,10OGLD,599
2016,10,0,283,10,10OGLD,695
2016,11,3,314,11,10OGLD,1680
2016,12,5,344,12,10OGLD,1877
2016,10,3,286,10,10OGLD,1004
2016,10,4,287,10,10OGLD,1339
2016,10,5,288,10,10OGLD,925
2016,10,6,289,10,10OGLD,356
2016,10,0,290,10,10OGLD,1568
2016,10,1,291,10,10OGLD,1259
2016,10,2,292,10,10OGLD,1867
2016,10,3,293,10,10OGLD,937
2016,10,4,294,10,10OGLD,523
2016,10,5,295,10,10OGLD,197
2016,10,6,296,10,10OGLD,551
2016,10,0,297,10,10OGLD,1124
2016,10,1,298,10,10OGLD,1011
2016,10,2,299,10,10OGLD,962
2016,10,3,300,10,10OGLD,683
2016,10,4,301,10,10OGLD,506
2016,10,5,302,10,10OGLD,231
2016,10,6,303,10,10OGLD,432
2016,10,0,304,10,10OGLD,999
2016,1,0,10,1,10OGLD,917
2016,2,3,41,2,10OGLD,1377
2016,3,4,70,3,10OGLD,636
2016,4,0,101,4,10OGLD,971
2016,5,2,131,5,10OGLD,475
2016,6,5,162,6,10OGLD,594
2016,7,0,192,7,10OGLD,1245
2016,8,3,223,8,10OGLD,1341
2016,9,6,254,9,10OGLD,1032
2016,10,1,284,10,10OGLD,1090
2016,11,4,315,11,10OGLD,641
2016,12,6,345,12,10OGLD,365
2016,11,6,317,11,10OGLD,605
2016,11,0,318,11,10OGLD,1210
2016,11,1,319,11,10OGLD,1257
2016,11,2,320,11,10OGLD,905
2016,11,3,321,11,10OGLD,1098
2016,11,4,322,11,10OGLD,1081
2016,11,5,323,11,10OGLD,521
2016,11,6,324,11,10OGLD,129
2016,11,0,325,11,10OGLD,253
2016,11,1,326,11,10OGLD,302
2016,11,2,327,11,10OGLD,405
2016,11,3,328,11,10OGLD,222
2016,11,4,329,11,10OGLD,260
2016,11,5,330,11,10OGLD,173
2016,11,6,331,11,10OGLD,200
2016,11,0,332,11,10OGLD,513
2016,11,1,333,11,10OGLD,266
2016,11,2,334,11,10OGLD,393
2016,1,1,11,1,10OGLD,455
2016,2,4,42,2,10OGLD,460
2016,3,5,71,3,10OGLD,270
2016,4,1,102,4,10OGLD,269
2016,5,3,132,5,10OGLD,199
2016,6,6,163,6,10OGLD,250
2016,7,1,193,7,10OGLD,241
2016,8,4,224,8,10OGLD,262
2016,9,0,255,9,10OGLD,205
2016,10,2,285,10,10OGLD,118
2016,11,5,316,11,10OGLD,96
2016,12,0,346,12,10OGLD,140
2016,12,1,347,12,10OGLD,176
2016,12,2,348,12,10OGLD,175
2016,12,3,349,12,10OGLD,130
2016,12,4,350,12,10OGLD,108
2016,12,5,351,12,10OGLD,60
2016,12,6,352,12,10OGLD,79
2016,12,0,353,12,10OGLD,97
2016,12,1,354,12,10OGLD,136
2016,12,2,355,12,10OGLD,160
2016,12,3,356,12,10OGLD,147
2016,12,4,357,12,10OGLD,137
2016,12,5,358,12,10OGLD,71
2016,12,6,359,12,10OGLD,41
2016,12,0,360,12,10OGLD,28
2016,12,1,361,12,10OGLD,56
2016,12,2,362,12,10OGLD,87
2016,12,3,363,12,10OGLD,47
2016,12,4,364,12,10OGLD,74
2016,12,5,365,12,10OGLD,49
2017,1,6,366,13,10OGLD,12
2017,2,2,397,14,10OGLD,29
2017,3,2,425,15,10OGLD,38
2017,4,5,456,16,10OGLD,34
2017,5,0,486,17,10OGLD,58
2017,6,3,517,18,10OGLD,40
2017,7,5,547,19,10OGLD,18
2017,8,1,578,20,10OGLD,17
2017,9,4,609,21,10OGLD,44
2017,10,6,639,22,10OGLD,69
2017,11,2,670,23,10OGLD,58
2017,12,4,700,24,10OGLD,89
2017,1,4,378,13,10OGLD,74
2017,1,5,379,13,10OGLD,28
2017,1,6,380,13,10OGLD,18
2017,1,0,381,13,10OGLD,82
2017,1,1,382,13,10OGLD,86
2017,1,2,383,13,10OGLD,70
2017,1,3,384,13,10OGLD,94
2017,1,4,385,13,10OGLD,97
2017,1,5,386,13,10OGLD,18
2017,1,6,387,13,10OGLD,31
2017,1,0,388,13,10OGLD,73
2017,1,1,389,13,10OGLD,69
2017,1,2,390,13,10OGLD,73
2017,1,3,391,13,10OGLD,82
2017,1,4,392,13,10OGLD,74
2017,1,5,393,13,10OGLD,31
2017,1,6,394,13,10OGLD,17
2017,1,0,395,13,10OGLD,66
2017,1,1,396,13,10OGLD,86
2017,1,0,367,13,10OGLD,72
2017,2,3,398,14,10OGLD,77
2017,3,3,426,15,10OGLD,71
2017,4,6,457,16,10OGLD,23
2017,5,1,487,17,10OGLD,20
2017,6,4,518,18,10OGLD,68
2017,7,6,548,19,10OGLD,62
2017,8,2,579,20,10OGLD,42
2017,9,5,610,21,10OGLD,64
2017,10,0,640,22,10OGLD,46
2017,11,3,671,23,10OGLD,9
2017,12,5,701,24,10OGLD,10
2017,2,0,409,14,10OGLD,40
2017,2,1,410,14,10OGLD,48
2017,2,2,411,14,10OGLD,35
2017,2,3,412,14,10OGLD,61
2017,2,4,413,14,10OGLD,59
2017,2,5,414,14,10OGLD,37
2017,2,6,415,14,10OGLD,27
2017,2,0,416,14,10OGLD,58
2017,2,1,417,14,10OGLD,86
2017,2,2,418,14,10OGLD,86
2017,2,3,419,14,10OGLD,106
2017,2,4,420,14,10OGLD,86
2017,2,5,421,14,10OGLD,29
2017,2,6,422,14,10OGLD,36
2017,2,0,423,14,10OGLD,96
2017,2,1,424,14,10OGLD,111
2017,1,1,368,13,10OGLD,75
2017,2,4,399,14,10OGLD,55
2017,3,4,427,15,10OGLD,59
2017,4,0,458,16,10OGLD,12
2017,5,2,488,17,10OGLD,20
2017,6,5,519,18,10OGLD,79
2017,7,0,549,19,10OGLD,71
2017,8,3,580,20,10OGLD,116
2017,9,6,611,21,10OGLD,97
2017,10,1,641,22,10OGLD,69
2017,11,4,672,23,10OGLD,15
2017,12,6,702,24,10OGLD,17
2017,3,0,437,15,10OGLD,70
2017,3,1,438,15,10OGLD,35
2017,3,2,439,15,10OGLD,23
2017,3,3,440,15,10OGLD,55
2017,3,4,441,15,10OGLD,72
2017,3,5,442,15,10OGLD,44
2017,3,6,443,15,10OGLD,66
2017,3,0,444,15,10OGLD,117
2017,3,1,445,15,10OGLD,121
2017,3,2,446,15,10OGLD,54
2017,3,3,447,15,10OGLD,80
2017,3,4,448,15,10OGLD,55
2017,3,5,449,15,10OGLD,38
2017,3,6,450,15,10OGLD,28
2017,3,0,451,15,10OGLD,60
2017,3,1,452,15,10OGLD,109
2017,3,2,453,15,10OGLD,135
2017,3,3,454,15,10OGLD,185
2017,3,4,455,15,10OGLD,79
2017,1,2,369,13,10OGLD,60
2017,2,5,400,14,10OGLD,224
2017,3,5,428,15,10OGLD,246
2017,4,1,459,16,10OGLD,96
2017,5,3,489,17,10OGLD,228
2017,6,6,520,18,10OGLD,85
2017,7,1,550,19,10OGLD,134
2017,8,4,581,20,10OGLD,255
2017,9,0,612,21,10OGLD,410
2017,10,2,642,22,10OGLD,495
2017,11,5,673,23,10OGLD,270
2017,12,0,703,24,10OGLD,374
2017,4,3,468,16,10OGLD,509
2017,4,4,469,16,10OGLD,720
2017,4,5,470,16,10OGLD,365
2017,4,6,471,16,10OGLD,91
2017,4,0,472,16,10OGLD,250
2017,4,1,473,16,10OGLD,631
2017,4,2,474,16,10OGLD,278
2017,4,3,475,16,10OGLD,429
2017,4,4,476,16,10OGLD,286
2017,4,5,477,16,10OGLD,339
2017,4,6,478,16,10OGLD,917
2017,4,0,479,16,10OGLD,671
2017,4,1,480,16,10OGLD,478
2017,4,2,481,16,10OGLD,715
2017,4,3,482,16,10OGLD,1015
2017,4,4,483,16,10OGLD,855
2017,4,5,484,16,10OGLD,575
2017,4,6,485,16,10OGLD,81
2017,1,3,370,13,10OGLD,144
2017,2,6,401,14,10OGLD,573
2017,3,6,429,15,10OGLD,784
2017,4,2,460,16,10OGLD,792
2017,5,4,490,17,10OGLD,142
2017,6,0,521,18,10OGLD,77
2017,7,2,551,19,10OGLD,223
2017,8,5,582,20,10OGLD,340
2017,9,1,613,21,10OGLD,516
2017,10,3,643,22,10OGLD,952
2017,11,6,674,23,10OGLD,819
2017,12,1,704,24,10OGLD,999
2017,5,5,498,17,10OGLD,288
2017,5,6,499,17,10OGLD,276
2017,5,0,500,17,10OGLD,1018
2017,5,1,501,17,10OGLD,1139
2017,5,2,502,17,10OGLD,1283
2017,5,3,503,17,10OGLD,959
2017,5,4,504,17,10OGLD,896
2017,5,5,505,17,10OGLD,1086
2017,5,6,506,17,10OGLD,519
2017,5,0,507,17,10OGLD,253
2017,5,1,508,17,10OGLD,1192
2017,5,2,509,17,10OGLD,1277
2017,5,3,510,17,10OGLD,643
2017,5,4,511,17,10OGLD,612
2017,5,5,512,17,10OGLD,1137
2017,5,6,513,17,10OGLD,1200
2017,5,0,514,17,10OGLD,355
2017,5,1,515,17,10OGLD,786
2017,5,2,516,17,10OGLD,924
2017,1,4,371,13,10OGLD,1032
2017,2,0,402,14,10OGLD,808
2017,3,0,430,15,10OGLD,1077
2017,4,3,461,16,10OGLD,564
2017,5,5,491,17,10OGLD,595
2017,6,1,522,18,10OGLD,414
2017,7,3,552,19,10OGLD,1492
2017,8,6,583,20,10OGLD,1575
2017,9,2,614,21,10OGLD,1235
2017,10,4,644,22,10OGLD,1083
2017,11,0,675,23,10OGLD,1039
2017,12,2,705,24,10OGLD,1055
2017,6,1,529,18,10OGLD,1332
2017,6,2,530,18,10OGLD,1507
2017,6,3,531,18,10OGLD,1355
2017,6,4,532,18,10OGLD,734
2017,6,5,533,18,10OGLD,901
2017,6,6,534,18,10OGLD,940
2017,6,0,535,18,10OGLD,1363
2017,6,1,536,18,10OGLD,1097
2017,6,2,537,18,10OGLD,1531
2017,6,3,538,18,10OGLD,1465
2017,6,4,539,18,10OGLD,522
2017,6,5,540,18,10OGLD,1266
2017,6,6,541,18,10OGLD,711
2017,6,0,542,18,10OGLD,1228
2017,6,1,543,18,10OGLD,847
2017,6,2,544,18,10OGLD,1302
2017,6,3,545,18,10OGLD,524
2017,6,4,546,18,10OGLD,777
2017,1,5,372,13,10OGLD,931
2017,2,1,403,14,10OGLD,1027
2017,3,1,431,15,10OGLD,1410
2017,4,4,462,16,10OGLD,1591
2017,5,6,492,17,10OGLD,1716
2017,6,2,523,18,10OGLD,1617
2017,7,4,553,19,10OGLD,864
2017,8,0,584,20,10OGLD,1033
2017,9,3,615,21,10OGLD,1224
2017,10,5,645,22,10OGLD,971
2017,11,1,676,23,10OGLD,1370
2017,12,3,706,24,10OGLD,1460
2017,7,3,559,19,10OGLD,1408
2017,7,4,560,19,10OGLD,1020
2017,7,5,561,19,10OGLD,1374
2017,7,6,562,19,10OGLD,1363
2017,7,0,563,19,10OGLD,1193
2017,7,1,564,19,10OGLD,1587
2017,7,2,565,19,10OGLD,1367
2017,7,3,566,19,10OGLD,1336
2017,7,4,567,19,10OGLD,1371
2017,7,5,568,19,10OGLD,1044
2017,7,6,569,19,10OGLD,956
2017,7,0,570,19,10OGLD,191
2017,7,1,571,19,10OGLD,1260
2017,7,2,572,19,10OGLD,1324
2017,7,3,573,19,10OGLD,1254
2017,7,4,574,19,10OGLD,1363
2017,7,5,575,19,10OGLD,1213
2017,7,6,576,19,10OGLD,1898
2017,7,0,577,19,10OGLD,1311
2017,1,6,373,13,10OGLD,1576
2017,2,2,404,14,10OGLD,1189
2017,3,2,432,15,10OGLD,1248
2017,4,5,463,16,10OGLD,649
2017,5,0,493,17,10OGLD,722
2017,6,3,524,18,10OGLD,990
2017,7,5,554,19,10OGLD,996
2017,8,1,585,20,10OGLD,1497
2017,9,4,616,21,10OGLD,1493
2017,10,6,646,22,10OGLD,1238
2017,11,2,677,23,10OGLD,1095
2017,12,4,707,24,10OGLD,483
2017,8,6,590,20,10OGLD,1288
2017,8,0,591,20,10OGLD,1347
2017,8,1,592,20,10OGLD,1140
2017,8,2,593,20,10OGLD,1446
2017,8,3,594,20,10OGLD,1344
2017,8,4,595,20,10OGLD,432
2017,8,5,596,20,10OGLD,666
2017,8,6,597,20,10OGLD,1324
2017,8,0,598,20,10OGLD,1299
2017,8,1,599,20,10OGLD,593
2017,8,2,600,20,10OGLD,1391
2017,8,3,601,20,10OGLD,1398
2017,8,4,602,20,10OGLD,1259
2017,8,5,603,20,10OGLD,1048
2017,8,6,604,20,10OGLD,1263
2017,8,0,605,20,10OGLD,1326
2017,8,1,606,20,10OGLD,1417
2017,8,2,607,20,10OGLD,1482
2017,8,3,608,20,10OGLD,997
2017,1,0,374,13,10OGLD,959
2017,2,3,405,14,10OGLD,889
2017,3,3,433,15,10OGLD,83
2017,4,6,464,16,10OGLD,329
2017,5,1,494,17,10OGLD,1225
2017,6,4,525,18,10OGLD,1176
2017,7,6,555,19,10OGLD,712
2017,8,2,586,20,10OGLD,810
2017,9,5,617,21,10OGLD,896
2017,10,0,647,22,10OGLD,1108
2017,11,3,678,23,10OGLD,1363
2017,12,5,708,24,10OGLD,1534
2017,9,2,621,21,10OGLD,1459
2017,9,3,622,21,10OGLD,1449
2017,9,4,623,21,10OGLD,1400
2017,9,5,624,21,10OGLD,1035
2017,9,6,625,21,10OGLD,1104
2017,9,0,626,21,10OGLD,1264
2017,9,1,627,21,10OGLD,1377
2017,9,2,628,21,10OGLD,1400
2017,9,3,629,21,10OGLD,1343
2017,9,4,630,21,10OGLD,1349
2017,9,5,631,21,10OGLD,849
2017,9,6,632,21,10OGLD,738
2017,9,0,633,21,10OGLD,1309
2017,9,1,634,21,10OGLD,1262
2017,9,2,635,21,10OGLD,1009
2017,9,3,636,21,10OGLD,1076
2017,9,4,637,21,10OGLD,945
2017,9,5,638,21,10OGLD,553
2017,1,1,375,13,10OGLD,734
2017,2,4,406,14,10OGLD,1060
2017,3,4,434,15,10OGLD,1108
2017,4,0,465,16,10OGLD,629
2017,5,2,495,17,10OGLD,1053
2017,6,5,526,18,10OGLD,939
2017,7,0,556,19,10OGLD,207
2017,8,3,587,20,10OGLD,525
2017,9,6,618,21,10OGLD,153
2017,10,1,648,22,10OGLD,1419
2017,11,4,679,23,10OGLD,834
2017,12,6,709,24,10OGLD,941
2017,10,4,651,22,10OGLD,743
2017,10,5,652,22,10OGLD,415
2017,10,6,653,22,10OGLD,335
2017,10,0,654,22,10OGLD,671
2017,10,1,655,22,10OGLD,948
2017,10,2,656,22,10OGLD,1126
2017,10,3,657,22,10OGLD,972
2017,10,4,658,22,10OGLD,972
2017,10,5,659,22,10OGLD,949
2017,10,6,660,22,10OGLD,849
2017,10,0,661,22,10OGLD,1104
2017,10,1,662,22,10OGLD,479
2017,10,2,663,22,10OGLD,919
2017,10,3,664,22,10OGLD,933
2017,10,4,665,22,10OGLD,1154
2017,10,5,666,22,10OGLD,588
2017,10,6,667,22,10OGLD,78
2017,10,0,668,22,10OGLD,218
2017,10,1,669,22,10OGLD,546
2017,1,2,376,13,10OGLD,519
2017,2,5,407,14,10OGLD,305
2017,3,5,435,15,10OGLD,1196
2017,4,1,466,16,10OGLD,308
2017,5,3,496,17,10OGLD,55
2017,6,6,527,18,10OGLD,575
2017,7,1,557,19,10OGLD,588
2017,8,4,588,20,10OGLD,597
2017,9,0,619,21,10OGLD,381
2017,10,2,649,22,10OGLD,301
2017,11,5,680,23,10OGLD,201
2017,12,0,710,24,10OGLD,3193
2017,11,0,682,23,10OGLD,2165
2017,11,1,683,23,10OGLD,448
2017,11,2,684,23,10OGLD,498
2017,11,3,685,23,10OGLD,306
2017,11,4,686,23,10OGLD,330
2017,11,5,687,23,10OGLD,60
2017,11,6,688,23,10OGLD,15
2017,11,0,689,23,10OGLD,73
2017,11,1,690,23,10OGLD,183
2017,11,2,691,23,10OGLD,237
2017,11,3,692,23,10OGLD,620
2017,11,4,693,23,10OGLD,291
2017,11,5,694,23,10OGLD,96
2017,11,6,695,23,10OGLD,98
2017,11,0,696,23,10OGLD,85
2017,11,1,697,23,10OGLD,1050
2017,11,2,698,23,10OGLD,1220
2017,11,3,699,23,10OGLD,200
2017,1,3,377,13,10OGLD,219
2017,2,6,408,14,10OGLD,157
2017,3,6,436,15,10OGLD,161
2017,4,2,467,16,10OGLD,305
2017,5,4,497,17,10OGLD,195
2017,6,0,528,18,10OGLD,279
2017,7,2,558,19,10OGLD,225
2017,8,5,589,20,10OGLD,191
2017,9,1,620,21,10OGLD,97
2017,10,3,650,22,10OGLD,26
2017,11,6,681,23,10OGLD,108
2017,12,1,711,24,10OGLD,62
2017,12,2,712,24,10OGLD,74
2017,12,3,713,24,10OGLD,67
2017,12,4,714,24,10OGLD,78
2017,12,5,715,24,10OGLD,20
2017,12,6,716,24,10OGLD,21
2017,12,0,717,24,10OGLD,83
2017,12,1,718,24,10OGLD,57
2017,12,2,719,24,10OGLD,93
2017,12,3,720,24,10OGLD,84
2017,12,4,721,24,10OGLD,57
2017,12,5,722,24,10OGLD,9
2017,12,6,723,24,10OGLD,19
2017,12,0,724,24,10OGLD,165
2017,12,1,725,24,10OGLD,6
2017,12,2,726,24,10OGLD,3
2017,12,3,727,24,10OGLD,9
2017,12,4,728,24,10OGLD,3
2017,12,5,729,24,10OGLD,5
2017,12,6,730,24,10OGLD,6
2018,1,0,731,25,10OGLD,5
2018,1,1,732,25,10OGLD,5
2018,1,2,733,25,10OGLD,8
2018,1,3,734,25,10OGLD,6
2018,1,4,735,25,10OGLD,2
2018,1,5,736,25,10OGLD,1
2018,1,6,737,25,10OGLD,1
2018,1,0,738,25,10OGLD,7
2018,1,1,739,25,10OGLD,2
2018,1,2,740,25,10OGLD,4
2018,1,3,741,25,10OGLD,4
2018,1,4,742,25,10OGLD,2
2018,1,5,743,25,10OGLD,1
2018,1,6,744,25,10OGLD,11
2018,1,0,745,25,10OGLD,11
2018,1,1,746,25,10OGLD,12
2018,1,2,747,25,10OGLD,11
2018,1,3,748,25,10OGLD,17
2018,1,4,749,25,10OGLD,17
2018,1,5,750,25,10OGLD,7
2018,1,6,751,25,10OGLD,1
2018,1,0,752,25,10OGLD,9
2018,1,1,753,25,10OGLD,3
2018,1,2,754,25,10OGLD,9
2018,1,3,755,25,10OGLD,5
2018,1,4,756,25,10OGLD,14
2018,1,5,757,25,10OGLD,5
2018,1,6,758,25,10OGLD,10
2018,1,0,759,25,10OGLD,8
2018,1,1,760,25,10OGLD,6
2018,1,2,761,25,10OGLD,6
2018,2,3,762,26,10OGLD,8
2018,2,4,763,26,10OGLD,12
2018,2,5,764,26,10OGLD,6
2018,2,6,765,26,10OGLD,3
2018,2,0,766,26,10OGLD,4
2018,2,1,767,26,10OGLD,4
2018,2,2,768,26,10OGLD,4
2018,2,3,769,26,10OGLD,10
2018,2,4,770,26,10OGLD,0
2018,2,5,771,26,10OGLD,1
2018,2,6,772,26,10OGLD,5
2018,2,0,773,26,10OGLD,3
2018,2,1,774,26,10OGLD,1
2018,2,2,775,26,10OGLD,0
2018,2,3,776,26,10OGLD,0
2018,2,4,777,26,10OGLD,0
2018,2,5,778,26,10OGLD,2
2018,2,6,779,26,10OGLD,6
2018,2,0,780,26,10OGLD,1
2018,2,1,781,26,10OGLD,0
2018,2,2,782,26,10OGLD,1
2018,2,3,783,26,10OGLD,4
2018,2,4,784,26,10OGLD,0
2018,2,5,785,26,10OGLD,0
2018,2,6,786,26,10OGLD,0
2018,2,0,787,26,10OGLD,0
2018,2,1,788,26,10OGLD,1
2018,2,2,789,26,10OGLD,2
2018,3,3,790,27,10OGLD,2
2018,3,4,791,27,10OGLD,0
2018,3,5,792,27,10OGLD,6
2018,3,6,793,27,10OGLD,1
2018,3,0,794,27,10OGLD,2
2018,3,1,795,27,10OGLD,0
2018,3,2,796,27,10OGLD,1
2018,3,3,797,27,10OGLD,4
2018,3,4,798,27,10OGLD,1
2018,3,5,799,27,10OGLD,1
2018,3,6,800,27,10OGLD,2
2018,3,0,801,27,10OGLD,9
2018,3,1,802,27,10OGLD,4
2018,3,2,803,27,10OGLD,4
2018,3,3,804,27,10OGLD,5
2018,3,4,805,27,10OGLD,1
2018,3,5,806,27,10OGLD,0
2018,3,6,807,27,10OGLD,0
2018,3,0,808,27,10OGLD,3
2018,3,1,809,27,10OGLD,4
2018,3,2,810,27,10OGLD,0
2018,3,3,811,27,10OGLD,7
2018,3,4,812,27,10OGLD,1
2018,3,5,813,27,10OGLD,2
2018,3,6,814,27,10OGLD,2
2018,3,0,815,27,10OGLD,6
2018,3,1,816,27,10OGLD,8
2018,3,2,817,27,10OGLD,6
2018,3,3,818,27,10OGLD,7
2018,3,4,819,27,10OGLD,47
2018,3,5,820,27,10OGLD,73
2018,4,6,821,28,10OGLD,30
2018,4,0,822,28,10OGLD,84
2018,4,1,823,28,10OGLD,74
2018,4,2,824,28,10OGLD,14
2018,4,3,825,28,10OGLD,40
2018,4,4,826,28,10OGLD,57
2018,4,5,827,28,10OGLD,44
2018,4,6,828,28,10OGLD,70
2018,4,0,829,28,10OGLD,161
2018,4,1,830,28,10OGLD,185
2018,4,2,831,28,10OGLD,228
2018,4,3,832,28,10OGLD,185
2018,4,4,833,28,10OGLD,258
2018,4,5,834,28,10OGLD,45
2018,4,6,835,28,10OGLD,21
2018,4,0,836,28,10OGLD,8
2018,4,1,837,28,10OGLD,51
2018,4,2,838,28,10OGLD,159
2018,4,3,839,28,10OGLD,186
2018,4,4,840,28,10OGLD,309
2018,4,5,841,28,10OGLD,506
2018,4,6,842,28,10OGLD,881
2018,4,0,843,28,10OGLD,997
2018,4,1,844,28,10OGLD,959
2018,4,2,845,28,10OGLD,244
2018,4,3,846,28,10OGLD,317
2018,4,4,847,28,10OGLD,1024
2018,4,5,848,28,10OGLD,226
2018,4,6,849,28,10OGLD,190
2018,4,0,850,28,10OGLD,925
2018,5,1,851,29,10OGLD,1189
2018,5,2,852,29,10OGLD,1000
2018,5,3,853,29,10OGLD,503
2018,5,4,854,29,10OGLD,433
2018,5,5,855,29,10OGLD,1173
2018,5,6,856,29,10OGLD,1422
2018,5,0,857,29,10OGLD,1209
2018,5,1,858,29,10OGLD,1514
2018,5,2,859,29,10OGLD,1638
2018,5,3,860,29,10OGLD,495
2018,5,4,861,29,10OGLD,1001
2018,5,5,862,29,10OGLD,1188
2018,5,6,863,29,10OGLD,1619
2018,5,0,864,29,10OGLD,1686
2018,5,1,865,29,10OGLD,1089
2018,5,2,866,29,10OGLD,1483
2018,5,3,867,29,10OGLD,1274
2018,5,4,868,29,10OGLD,1302
2018,5,5,869,29,10OGLD,398
2018,5,6,870,29,10OGLD,1276
2018,5,0,871,29,10OGLD,1939
2018,5,1,872,29,10OGLD,938
2018,5,2,873,29,10OGLD,1580
2018,5,3,874,29,10OGLD,1653
2018,5,4,875,29,10OGLD,943
2018,5,5,876,29,10OGLD,474
2018,5,6,877,29,10OGLD,1212
2018,5,0,878,29,10OGLD,1249
2018,5,1,879,29,10OGLD,1859
2018,5,2,880,29,10OGLD,1762
2018,5,3,881,29,10OGLD,1165
2018,6,4,882,30,10OGLD,1102
2018,6,5,883,30,10OGLD,1514
2018,6,6,884,30,10OGLD,1490
2018,6,0,885,30,10OGLD,414
2018,6,1,886,30,10OGLD,743
2018,6,2,887,30,10OGLD,1177
2018,6,3,888,30,10OGLD,1403
2018,6,4,889,30,10OGLD,1663
2018,6,5,890,30,10OGLD,1257
2018,6,6,891,30,10OGLD,1701
2018,6,0,892,30,10OGLD,1720
2018,6,1,893,30,10OGLD,1807
2018,6,2,894,30,10OGLD,768
2018,6,3,895,30,10OGLD,728
2018,6,4,896,30,10OGLD,1579
2018,6,5,897,30,10OGLD,1333
2018,6,6,898,30,10OGLD,1445
2018,6,0,899,30,10OGLD,855
2018,6,1,900,30,10OGLD,1801
2018,6,2,901,30,10OGLD,1641
2018,6,3,902,30,10OGLD,1746
2018,6,4,903,30,10OGLD,1612
2018,6,5,904,30,10OGLD,580
2018,6,6,905,30,10OGLD,1065
2018,6,0,906,30,10OGLD,1370
2018,6,1,907,30,10OGLD,1891
2018,6,2,908,30,10OGLD,1088
2018,6,3,909,30,10OGLD,1127
2018,6,4,910,30,10OGLD,1396
2018,6,5,911,30,10OGLD,680
2018,7,6,912,31,10OGLD,1012
2018,7,0,913,31,10OGLD,638
2018,7,1,914,31,10OGLD,1291
2018,7,2,915,31,10OGLD,1409
2018,7,3,916,31,10OGLD,1489
2018,7,4,917,31,10OGLD,1769
2018,7,5,918,31,10OGLD,1542
2018,7,6,919,31,10OGLD,1673
2018,7,0,920,31,10OGLD,1548
2018,7,1,921,31,10OGLD,2243
2018,7,2,922,31,10OGLD,2245
2018,7,3,923,31,10OGLD,1954
2018,7,4,924,31,10OGLD,1924
2018,7,5,925,31,10OGLD,1120
2018,7,6,926,31,10OGLD,1407
2018,7,0,927,31,10OGLD,1295
2018,7,1,928,31,10OGLD,1493
2018,7,2,929,31,10OGLD,1764
2018,7,3,930,31,10OGLD,1623
2018,7,4,931,31,10OGLD,1437
2018,7,5,932,31,10OGLD,1195
2018,7,6,933,31,10OGLD,465
2018,7,0,934,31,10OGLD,936
2018,7,1,935,31,10OGLD,553
2018,7,2,936,31,10OGLD,382
2018,7,3,937,31,10OGLD,1505
2018,7,4,938,31,10OGLD,1242
2018,7,5,939,31,10OGLD,933
2018,7,6,940,31,10OGLD,1517
2018,7,0,941,31,10OGLD,1507
2018,7,1,942,31,10OGLD,1628
2018,8,2,943,32,10OGLD,778
2018,8,3,944,32,10OGLD,1504
2018,8,4,945,32,10OGLD,1213
2018,8,5,946,32,10OGLD,989
2018,8,6,947,32,10OGLD,990
2018,8,0,948,32,10OGLD,892
2018,8,1,949,32,10OGLD,932
2018,8,2,950,32,10OGLD,1075
2018,8,3,951,32,10OGLD,1360
2018,8,4,952,32,10OGLD,1497
2018,8,5,953,32,10OGLD,1314
2018,8,6,954,32,10OGLD,1388
2018,8,0,955,32,10OGLD,1457
2018,8,1,956,32,10OGLD,1320
2018,8,2,957,32,10OGLD,1408
2018,8,3,958,32,10OGLD,1658
2018,8,4,959,32,10OGLD,484
2018,8,5,960,32,10OGLD,1157
2018,8,6,961,32,10OGLD,1557
2018,8,0,962,32,10OGLD,1459
2018,8,1,963,32,10OGLD,850
2018,8,2,964,32,10OGLD,865
2018,8,3,965,32,10OGLD,1625
2018,8,4,966,32,10OGLD,1409
2018,8,5,967,32,10OGLD,1221
2018,8,6,968,32,10OGLD,734
2018,8,0,969,32,10OGLD,1245
2018,8,1,970,32,10OGLD,1248
2018,8,2,971,32,10OGLD,978
2018,8,3,972,32,10OGLD,1448
2018,8,4,973,32,10OGLD,1314
2018,9,5,974,33,10OGLD,948
2018,9,6,975,33,10OGLD,418
2018,9,0,976,33,10OGLD,969
2018,9,1,977,33,10OGLD,1402
2018,9,2,978,33,10OGLD,1109
2018,9,3,979,33,10OGLD,1300
2018,9,4,980,33,10OGLD,1368
2018,9,5,981,33,10OGLD,1055
2018,9,6,982,33,10OGLD,1048
2018,9,0,983,33,10OGLD,644
2018,9,1,984,33,10OGLD,779
2018,9,2,985,33,10OGLD,1346
2018,9,3,986,33,10OGLD,1521
2018,9,4,987,33,10OGLD,1381
2018,9,5,988,33,10OGLD,968
2018,9,6,989,33,10OGLD,1086
2018,9,0,990,33,10OGLD,1333
2018,9,1,991,33,10OGLD,1369
2018,9,2,992,33,10OGLD,1222
2018,9,3,993,33,10OGLD,812
2018,9,4,994,33,10OGLD,1412
2018,9,5,995,33,10OGLD,648
2018,9,6,996,33,10OGLD,609
2018,9,0,997,33,10OGLD,708
2018,9,1,998,33,10OGLD,297
2018,9,2,999,33,10OGLD,681
2018,9,3,1000,33,10OGLD,1122
2018,9,4,1001,33,10OGLD,1076
2018,9,5,1002,33,10OGLD,512
2018,9,6,1003,33,10OGLD,325
2018,10,0,1004,34,10OGLD,893
2018,10,1,1005,34,10OGLD,368
2018,10,2,1006,34,10OGLD,845
2018,10,3,1007,34,10OGLD,763
2018,10,4,1008,34,10OGLD,697
2018,10,5,1009,34,10OGLD,226
2018,10,6,1010,34,10OGLD,269
2018,10,0,1011,34,10OGLD,227
2018,10,1,1012,34,10OGLD,1085
2018,10,2,1013,34,10OGLD,1038
2018,10,3,1014,34,10OGLD,455
2018,10,4,1015,34,10OGLD,686
2018,10,5,1016,34,10OGLD,371
2018,10,6,1017,34,10OGLD,533
2018,10,0,1018,34,10OGLD,499
2018,10,1,1019,34,10OGLD,703
2018,10,2,1020,34,10OGLD,567
2018,10,3,1021,34,10OGLD,515
2018,10,4,1022,34,10OGLD,774
2018,10,5,1023,34,10OGLD,284
2018,10,6,1024,34,10OGLD,166
2018,10,0,1025,34,10OGLD,478
2018,10,1,1026,34,10OGLD,587
2018,10,2,1027,34,10OGLD,654
2018,10,3,1028,34,10OGLD,548
2018,10,4,1029,34,10OGLD,543
2018,10,5,1030,34,10OGLD,142
2018,10,6,1031,34,10OGLD,1
2018,10,0,1032,34,10OGLD,0
2018,10,1,1033,34,10OGLD,232
2018,10,2,1034,34,10OGLD,241
2018,11,3,1035,35,10OGLD,490
2018,11,4,1036,35,10OGLD,285
2018,11,5,1037,35,10OGLD,71
2018,11,6,1038,35,10OGLD,349
2018,11,0,1039,35,10OGLD,425
2018,11,1,1040,35,10OGLD,335
2018,11,2,1041,35,10OGLD,500
2018,11,3,1042,35,10OGLD,518
2018,11,4,1043,35,10OGLD,287
2018,11,5,1044,35,10OGLD,30
2018,11,6,1045,35,10OGLD,116
2018,11,0,1046,35,10OGLD,129
2018,11,1,1047,35,10OGLD,150
2018,11,2,1048,35,10OGLD,124
2018,11,3,1049,35,10OGLD,153
2018,11,4,1050,35,10OGLD,33
2018,11,5,1051,35,10OGLD,8
2018,11,6,1052,35,10OGLD,13
2018,11,0,1053,35,10OGLD,28
2018,11,1,1054,35,10OGLD,45
2018,11,2,1055,35,10OGLD,28
2018,11,3,1056,35,10OGLD,21
2018,11,4,1057,35,10OGLD,288
2018,11,5,1058,35,10OGLD,9
2018,11,6,1059,35,10OGLD,122
2018,11,0,1060,35,10OGLD,11
2018,11,1,1061,35,10OGLD,217
2018,11,2,1062,35,10OGLD,26
2018,11,3,1063,35,10OGLD,301
2018,11,4,1064,35,10OGLD,28
2018,12,5,1065,36,10OGLD,21
2018,12,6,1066,36,10OGLD,3
2018,12,0,1067,36,10OGLD,156
2018,12,1,1068,36,10OGLD,19
2018,12,2,1069,36,10OGLD,175
2018,12,3,1070,36,10OGLD,26
2018,12,4,1071,36,10OGLD,168
2018,12,5,1072,36,10OGLD,3
2018,12,6,1073,36,10OGLD,62
2018,12,0,1074,36,10OGLD,33
2018,12,1,1075,36,10OGLD,119
2018,12,2,1076,36,10OGLD,24
2018,12,3,1077,36,10OGLD,132
2018,12,4,1078,36,10OGLD,23
2018,12,5,1079,36,10OGLD,4
2018,12,6,1080,36,10OGLD,16
2018,12,0,1081,36,10OGLD,51
2018,12,1,1082,36,10OGLD,27
2018,12,2,1083,36,10OGLD,58
2018,12,3,1084,36,10OGLD,34
2018,12,4,1085,36,10OGLD,6
2018,12,5,1086,36,10OGLD,1
2018,12,6,1087,36,10OGLD,10
2018,12,0,1088,36,10OGLD,10
2018,12,1,1089,36,10OGLD,8
2018,12,2,1090,36,10OGLD,2
2018,12,3,1091,36,10OGLD,12
2018,12,4,1092,36,10OGLD,2
2018,12,5,1093,36,10OGLD,2
2018,12,6,1094,36,10OGLD,6
2018,12,0,1095,36,10OGLD,10
2019,1,1,1096,37,10OGLD,3
2019,1,2,1097,37,10OGLD,5
2019,1,3,1098,37,10OGLD,14
2019,1,4,1099,37,10OGLD,19
2019,1,5,1100,37,10OGLD,8
2019,1,6,1101,37,10OGLD,3
2019,1,0,1102,37,10OGLD,7
2019,1,1,1103,37,10OGLD,10
2019,1,2,1104,37,10OGLD,11
2019,1,3,1105,37,10OGLD,8
2019,1,4,1106,37,10OGLD,6
2019,1,5,1107,37,10OGLD,4
2019,1,6,1108,37,10OGLD,2
2019,1,0,1109,37,10OGLD,8
2019,1,1,1110,37,10OGLD,11
2019,1,2,1111,37,10OGLD,16
2019,1,3,1112,37,10OGLD,15
2019,1,4,1113,37,10OGLD,12
2019,1,5,1114,37,10OGLD,1
2019,1,6,1115,37,10OGLD,0
2019,1,0,1116,37,10OGLD,6
2019,1,1,1117,37,10OGLD,2
2019,1,2,1118,37,10OGLD,3
2019,1,3,1119,37,10OGLD,1
2019,1,4,1120,37,10OGLD,4
2019,1,5,1121,37,10OGLD,2
2019,1,6,1122,37,10OGLD,2
2019,1,0,1123,37,10OGLD,1
2019,1,1,1124,37,10OGLD,4
2019,1,2,1125,37,10OGLD,0
2019,1,3,1126,37,10OGLD,0
2019,2,4,1127,38,10OGLD,3
2019,2,5,1128,38,10OGLD,0
2019,2,6,1129,38,10OGLD,2
2019,2,0,1130,38,10OGLD,6
2019,2,1,1131,38,10OGLD,0
2019,2,2,1132,38,10OGLD,4
2019,2,3,1133,38,10OGLD,2
2019,2,4,1134,38,10OGLD,0
2019,2,5,1135,38,10OGLD,4
2019,2,6,1136,38,10OGLD,0
2019,2,0,1137,38,10OGLD,0
2019,2,1,1138,38,10OGLD,0
2019,2,2,1139,38,10OGLD,4
2019,2,3,1140,38,10OGLD,2
2019,2,4,1141,38,10OGLD,2
2019,2,5,1142,38,10OGLD,2
2019,2,6,1143,38,10OGLD,1
2019,2,0,1144,38,10OGLD,0
2019,2,1,1145,38,10OGLD,0
2019,2,2,1146,38,10OGLD,0
2019,2,3,1147,38,10OGLD,2
2019,2,4,1148,38,10OGLD,2
2019,2,5,1149,38,10OGLD,4
2019,2,6,1150,38,10OGLD,0
2019,2,0,1151,38,10OGLD,0
2019,2,1,1152,38,10OGLD,0
2019,2,2,1153,38,10OGLD,0
2019,2,3,1154,38,10OGLD,7
2019,3,4,1155,39,10OGLD,0
2019,3,5,1156,39,10OGLD,0
2019,3,6,1157,39,10OGLD,3
2019,3,0,1158,39,10OGLD,0
2019,3,1,1159,39,10OGLD,0
2019,3,2,1160,39,10OGLD,0
2019,3,3,1161,39,10OGLD,9
2019,3,4,1162,39,10OGLD,0
2019,3,5,1163,39,10OGLD,2
2019,3,6,1164,39,10OGLD,0
2019,3,0,1165,39,10OGLD,2
2019,3,1,1166,39,10OGLD,0
2019,3,2,1167,39,10OGLD,0
2019,3,3,1168,39,10OGLD,2
2019,3,4,1169,39,10OGLD,0
2019,3,5,1170,39,10OGLD,0
2019,3,6,1171,39,10OGLD,0
2019,3,0,1172,39,10OGLD,0
2019,3,1,1173,39,10OGLD,0
2019,3,2,1174,39,10OGLD,2
2019,3,3,1175,39,10OGLD,0
2019,3,4,1176,39,10OGLD,0
2019,3,5,1177,39,10OGLD,0
2019,3,6,1178,39,10OGLD,0
2019,3,0,1179,39,10OGLD,0
2019,3,1,1180,39,10OGLD,0
2019,3,2,1181,39,10OGLD,0
2019,3,3,1182,39,10OGLD,0
2019,3,4,1183,39,10OGLD,2
2019,3,5,1184,39,10OGLD,0
2019,3,6,1185,39,10OGLD,0
2019,4,0,1186,40,10OGLD,1
2019,4,1,1187,40,10OGLD,0
2019,4,2,1188,40,10OGLD,0
2019,4,3,1189,40,10OGLD,2
2019,4,4,1190,40,10OGLD,1
2019,4,5,1191,40,10OGLD,5
2019,4,6,1192,40,10OGLD,6
2019,4,0,1193,40,10OGLD,5
2019,4,1,1194,40,10OGLD,6
2019,4,2,1195,40,10OGLD,11
2019,4,3,1196,40,10OGLD,7
2019,4,4,1197,40,10OGLD,17
2019,4,5,1198,40,10OGLD,183
2019,4,6,1199,40,10OGLD,81
2019,4,0,1200,40,10OGLD,43
2019,4,1,1201,40,10OGLD,237
2019,4,2,1202,40,10OGLD,420
2019,4,3,1203,40,10OGLD,152
2019,4,4,1204,40,10OGLD,25
2019,4,5,1205,40,10OGLD,86
2019,4,6,1206,40,10OGLD,542
2019,4,0,1207,40,10OGLD,1004
2019,4,1,1208,40,10OGLD,520
2019,4,2,1209,40,10OGLD,319
2019,4,3,1210,40,10OGLD,719
2019,4,4,1211,40,10OGLD,176
2019,4,5,1212,40,10OGLD,95
2019,4,6,1213,40,10OGLD,571
2019,4,0,1214,40,10OGLD,490
2019,4,1,1215,40,10OGLD,584
2019,5,2,1216,41,10OGLD,185
2019,5,3,1217,41,10OGLD,404
2019,5,4,1218,41,10OGLD,225
2019,5,5,1219,41,10OGLD,789
2019,5,6,1220,41,10OGLD,1638
2019,5,0,1221,41,10OGLD,800
2019,5,1,1222,41,10OGLD,828
2019,5,2,1223,41,10OGLD,796
2019,5,3,1224,41,10OGLD,426
2019,5,4,1225,41,10OGLD,233
2019,5,5,1226,41,10OGLD,752
2019,5,6,1227,41,10OGLD,841
2019,5,0,1228,41,10OGLD,468
2019,5,1,1229,41,10OGLD,382
2019,5,2,1230,41,10OGLD,691
2019,5,3,1231,41,10OGLD,769
2019,5,4,1232,41,10OGLD,521
2019,5,5,1233,41,10OGLD,747
2019,5,6,1234,41,10OGLD,678
2019,5,0,1235,41,10OGLD,749
2019,5,1,1236,41,10OGLD,845
2019,5,2,1237,41,10OGLD,1107
2019,5,3,1238,41,10OGLD,570
2019,5,4,1239,41,10OGLD,906
2019,5,5,1240,41,10OGLD,396
2019,5,6,1241,41,10OGLD,1295
2019,5,0,1242,41,10OGLD,1032
2019,5,1,1243,41,10OGLD,566
2019,5,2,1244,41,10OGLD,1200
2019,5,3,1245,41,10OGLD,934
2019,5,4,1246,41,10OGLD,897
2019,6,5,1247,42,10OGLD,774
2019,6,6,1248,42,10OGLD,297
2019,6,0,1249,42,10OGLD,716
2019,6,1,1250,42,10OGLD,985
2019,6,2,1251,42,10OGLD,734
2019,6,3,1252,42,10OGLD,1481
2019,6,4,1253,42,10OGLD,1340
2019,6,5,1254,42,10OGLD,1289
2019,6,6,1255,42,10OGLD,1476
2019,6,0,1256,42,10OGLD,871
2019,6,1,1257,42,10OGLD,1045
2019,6,2,1258,42,10OGLD,1586
2019,6,3,1259,42,10OGLD,860
2019,6,4,1260,42,10OGLD,493
2019,6,5,1261,42,10OGLD,134
2019,6,6,1262,42,10OGLD,1872
2019,6,0,1263,42,10OGLD,1564
2019,6,1,1264,42,10OGLD,1683
2019,6,2,1265,42,10OGLD,1431
2019,6,3,1266,42,10OGLD,774
2019,6,4,1267,42,10OGLD,1362
2019,6,5,1268,42,10OGLD,1175
2019,6,6,1269,42,10OGLD,1547
2019,6,0,1270,42,10OGLD,1337
2019,6,1,1271,42,10OGLD,789
2019,6,2,1272,42,10OGLD,1098
2019,6,3,1273,42,10OGLD,1619
2019,6,4,1274,42,10OGLD,1076
2019,6,5,1275,42,10OGLD,997
2019,6,6,1276,42,10OGLD,1257
2019,7,0,1277,43,10OGLD,2004
2019,7,1,1278,43,10OGLD,1467
2019,7,2,1279,43,10OGLD,1704
2019,7,3,1280,43,10OGLD,1896
2019,7,4,1281,43,10OGLD,1257
2019,7,5,1282,43,10OGLD,1173
2019,7,6,1283,43,10OGLD,2325
2019,7,0,1284,43,10OGLD,1601
2019,7,1,1285,43,10OGLD,2095
2019,7,2,1286,43,10OGLD,2040
2019,7,3,1287,43,10OGLD,885
2019,7,4,1288,43,10OGLD,1802
2019,7,5,1289,43,10OGLD,1408
2019,7,6,1290,43,10OGLD,2119
2019,7,0,1291,43,10OGLD,1738
2019,7,1,1292,43,10OGLD,1130
2019,7,2,1293,43,10OGLD,1454
2019,7,3,1294,43,10OGLD,1628
2019,7,4,1295,43,10OGLD,1071
2019,7,5,1296,43,10OGLD,683
2019,7,6,1297,43,10OGLD,1172
2019,7,0,1298,43,10OGLD,1407
2019,7,1,1299,43,10OGLD,1759
2019,7,2,1300,43,10OGLD,1719
2019,7,3,1301,43,10OGLD,1501
2019,7,4,1302,43,10OGLD,1386
2019,7,5,1303,43,10OGLD,1031
2019,7,6,1304,43,10OGLD,1098
2019,7,0,1305,43,10OGLD,1397
2019,7,1,1306,43,10OGLD,908
2019,7,2,1307,43,10OGLD,1698
2019,8,3,1308,44,10OGLD,1600
2019,8,4,1309,44,10OGLD,1339
2019,8,5,1310,44,10OGLD,899
2019,8,6,1311,44,10OGLD,1419
2019,8,0,1312,44,10OGLD,1502
2019,8,1,1313,44,10OGLD,891
2019,8,2,1314,44,10OGLD,758
2019,8,3,1315,44,10OGLD,994
2019,8,4,1316,44,10OGLD,1136
2019,8,5,1317,44,10OGLD,871
2019,8,6,1318,44,10OGLD,1408
2019,8,0,1319,44,10OGLD,1186
2019,8,1,1320,44,10OGLD,1624
2019,8,2,1321,44,10OGLD,1686
2019,8,3,1322,44,10OGLD,1421
2019,8,4,1323,44,10OGLD,1361
2019,8,5,1324,44,10OGLD,403
2019,8,6,1325,44,10OGLD,1023
2019,8,0,1326,44,10OGLD,1131
2019,8,1,1327,44,10OGLD,1691
2019,8,2,1328,44,10OGLD,803
2019,8,3,1329,44,10OGLD,1662
2019,8,4,1330,44,10OGLD,1392
2019,8,5,1331,44,10OGLD,1335
2019,8,6,1332,44,10OGLD,1325
2019,8,0,1333,44,10OGLD,1507
2019,8,1,1334,44,10OGLD,1388
2019,8,2,1335,44,10OGLD,516
2019,8,3,1336,44,10OGLD,1578
2019,8,4,1337,44,10OGLD,1010
2019,8,5,1338,44,10OGLD,1076
2019,9,6,1339,45,10OGLD,1257
2019,9,0,1340,45,10OGLD,961
2019,9,1,1341,45,10OGLD,1349
2019,9,2,1342,45,10OGLD,982
2019,9,3,1343,45,10OGLD,1463
2019,9,4,1344,45,10OGLD,1039
2019,9,5,1345,45,10OGLD,396
2019,9,6,1346,45,10OGLD,1025
2019,9,0,1347,45,10OGLD,1351
2019,9,1,1348,45,10OGLD,891
2019,9,2,1349,45,10OGLD,1388
2019,9,3,1350,45,10OGLD,1437
2019,9,4,1351,45,10OGLD,1219
2019,9,5,1352,45,10OGLD,448
2019,9,6,1353,45,10OGLD,853
2019,9,0,1354,45,10OGLD,1356
2019,9,1,1355,45,10OGLD,1418
2019,9,2,1356,45,10OGLD,1379
2019,9,3,1357,45,10OGLD,1345
2019,9,4,1358,45,10OGLD,1455
2019,9,5,1359,45,10OGLD,1280
2019,9,6,1360,45,10OGLD,1208
2019,9,0,1361,45,10OGLD,442
2019,9,1,1362,45,10OGLD,961
2019,9,2,1363,45,10OGLD,1290
2019,9,3,1364,45,10OGLD,566
2019,9,4,1365,45,10OGLD,1212
2019,9,5,1366,45,10OGLD,153
2019,9,6,1367,45,10OGLD,906
2019,9,0,1368,45,10OGLD,984
2019,10,1,1369,46,10OGLD,452
2019,10,2,1370,46,10OGLD,842
2019,10,3,1371,46,10OGLD,742
2019,10,4,1372,46,10OGLD,721
2019,10,5,1373,46,10OGLD,704
2019,10,6,1374,46,10OGLD,162
2019,10,0,1375,46,10OGLD,839
2019,10,1,1376,46,10OGLD,1180
2019,10,2,1377,46,10OGLD,1103
2019,10,3,1378,46,10OGLD,1098
2019,10,4,1379,46,10OGLD,955
2019,10,5,1380,46,10OGLD,305
2019,10,6,1381,46,10OGLD,640
2019,10,0,1382,46,10OGLD,237
2019,10,1,1383,46,10OGLD,895
2019,10,2,1384,46,10OGLD,490
2019,10,3,1385,46,10OGLD,315
2019,10,4,1386,46,10OGLD,662
2019,10,5,1387,46,10OGLD,501
2019,10,6,1388,46,10OGLD,655
2019,10,0,1389,46,10OGLD,934
2019,10,1,1390,46,10OGLD,424
2019,10,2,1391,46,10OGLD,762
2019,10,3,1392,46,10OGLD,595
2019,10,4,1393,46,10OGLD,795
2019,10,5,1394,46,10OGLD,637
2019,10,6,1395,46,10OGLD,47
2019,10,0,1396,46,10OGLD,857
2019,10,1,1397,46,10OGLD,1080
2019,10,2,1398,46,10OGLD,516
2019,10,3,1399,46,10OGLD,271
2019,11,4,1400,47,10OGLD,254
2019,11,5,1401,47,10OGLD,114
2019,11,6,1402,47,10OGLD,208
2019,11,0,1403,47,10OGLD,483
2019,11,1,1404,47,10OGLD,544
2019,11,2,1405,47,10OGLD,520
2019,11,3,1406,47,10OGLD,246
2019,11,4,1407,47,10OGLD,264
2019,11,5,1408,47,10OGLD,87
2019,11,6,1409,47,10OGLD,95
2019,11,0,1410,47,10OGLD,132
2019,11,1,1411,47,10OGLD,38
2019,11,2,1412,47,10OGLD,43
2019,11,3,1413,47,10OGLD,44
2019,11,4,1414,47,10OGLD,44
2019,11,5,1415,47,10OGLD,22
2019,11,6,1416,47,10OGLD,19
2019,11,0,1417,47,10OGLD,63
2019,11,1,1418,47,10OGLD,72
2019,11,2,1419,47,10OGLD,86
2019,11,3,1420,47,10OGLD,73
2019,11,4,1421,47,10OGLD,70
2019,11,5,1422,47,10OGLD,101
2019,11,6,1423,47,10OGLD,159
2019,11,0,1424,47,10OGLD,232
2019,11,1,1425,47,10OGLD,309
2019,11,2,1426,47,10OGLD,121
2019,11,3,1427,47,10OGLD,189
2019,11,4,1428,47,10OGLD,164
2019,11,5,1429,47,10OGLD,57
2019,12,6,1430,48,10OGLD,34
2019,12,0,1431,48,10OGLD,186
2019,12,1,1432,48,10OGLD,222
2019,12,2,1433,48,10OGLD,114
2019,12,3,1434,48,10OGLD,85
2019,12,4,1435,48,10OGLD,49
2019,12,5,1436,48,10OGLD,10
2019,12,6,1437,48,10OGLD,9
2019,12,0,1438,48,10OGLD,99
2019,12,1,1439,48,10OGLD,167
2019,12,2,1440,48,10OGLD,151
2019,12,3,1441,48,10OGLD,92
2019,12,4,1442,48,10OGLD,121
2019,12,5,1443,48,10OGLD,12
2019,12,6,1444,48,10OGLD,13
2019,12,0,1445,48,10OGLD,49
2019,12,1,1446,48,10OGLD,52
2019,12,2,1447,48,10OGLD,43
2019,12,3,1448,48,10OGLD,28
2019,12,4,1449,48,10OGLD,47
2019,12,5,1450,48,10OGLD,9
2019,12,6,1451,48,10OGLD,9
2019,12,0,1452,48,10OGLD,32
2019,12,1,1453,48,10OGLD,16
2019,12,2,1454,48,10OGLD,0
2019,12,3,1455,48,10OGLD,4
2019,12,4,1456,48,10OGLD,2
2019,12,5,1457,48,10OGLD,3
2019,12,6,1458,48,10OGLD,5
2019,12,0,1459,48,10OGLD,7
2019,12,1,1460,48,10OGLD,4
2020,1,2,1461,49,10OGLD,3
2020,1,3,1462,49,10OGLD,17
2020,1,4,1463,49,10OGLD,10
2020,1,5,1464,49,10OGLD,4
2020,1,6,1465,49,10OGLD,10
2020,1,0,1466,49,10OGLD,20
2020,1,1,1467,49,10OGLD,20
2020,1,2,1468,49,10OGLD,18
2020,1,3,1469,49,10OGLD,13
2020,1,4,1470,49,10OGLD,21
2020,1,5,1471,49,10OGLD,0
2020,1,6,1472,49,10OGLD,7
2020,1,0,1473,49,10OGLD,22
2020,1,1,1474,49,10OGLD,26
2020,1,2,1475,49,10OGLD,15
2020,1,3,1476,49,10OGLD,12
2020,1,4,1477,49,10OGLD,5
2020,1,5,1478,49,10OGLD,1
2020,1,6,1479,49,10OGLD,9
2020,1,0,1480,49,10OGLD,6
2020,1,1,1481,49,10OGLD,4
2020,1,2,1482,49,10OGLD,1
2020,1,3,1483,49,10OGLD,1
2020,1,4,1484,49,10OGLD,4
2020,1,5,1485,49,10OGLD,3
2020,1,6,1486,49,10OGLD,0
2020,1,0,1487,49,10OGLD,0
2020,1,1,1488,49,10OGLD,8
2020,1,2,1489,49,10OGLD,0
2020,1,3,1490,49,10OGLD,1
2020,1,4,1491,49,10OGLD,0
2020,2,5,1492,50,10OGLD,0
2020,2,6,1493,50,10OGLD,1
2020,2,0,1494,50,10OGLD,7
2020,2,1,1495,50,10OGLD,0
2020,2,2,1496,50,10OGLD,1
2020,2,3,1497,50,10OGLD,1
2020,2,4,1498,50,10OGLD,8
2020,2,5,1499,50,10OGLD,3
2020,2,6,1500,50,10OGLD,7
2020,2,0,1501,50,10OGLD,6
2020,2,1,1502,50,10OGLD,5
2020,2,2,1503,50,10OGLD,0
2020,2,3,1504,50,10OGLD,0
2020,2,4,1505,50,10OGLD,4
2020,2,5,1506,50,10OGLD,3
2020,2,6,1507,50,10OGLD,2
2020,2,0,1508,50,10OGLD,0
2020,2,1,1509,50,10OGLD,0
2020,2,2,1510,50,10OGLD,0
2020,2,3,1511,50,10OGLD,1
2020,2,4,1512,50,10OGLD,0
2020,2,5,1513,50,10OGLD,2
2020,2,6,1514,50,10OGLD,0
2020,2,0,1515,50,10OGLD,8
2020,2,1,1516,50,10OGLD,0
2020,2,2,1517,50,10OGLD,0
2020,2,3,1518,50,10OGLD,0
2020,2,4,1519,50,10OGLD,3
2020,2,5,1520,50,10OGLD,4
2020,3,6,1521,51,10OGLD,2
2020,3,0,1522,51,10OGLD,0
2020,3,1,1523,51,10OGLD,3
2020,3,2,1524,51,10OGLD,0
2020,3,3,1525,51,10OGLD,0
2020,3,4,1526,51,10OGLD,0
2020,3,5,1527,51,10OGLD,2
2020,3,6,1528,51,10OGLD,3
2020,3,0,1529,51,10OGLD,0
2020,3,1,1530,51,10OGLD,0
2020,3,2,1531,51,10OGLD,0
2020,3,3,1532,51,10OGLD,0
2020,3,4,1533,51,10OGLD,0
2020,3,5,1534,51,10OGLD,0
2020,3,6,1535,51,10OGLD,0
2020,3,0,1536,51,10OGLD,0
2020,3,1,1537,51,10OGLD,0
2020,3,2,1538,51,10OGLD,0
2020,3,3,1539,51,10OGLD,0
2020,3,4,1540,51,10OGLD,2
2020,3,5,1541,51,10OGLD,1
2020,3,6,1542,51,10OGLD,3
2020,3,0,1543,51,10OGLD,0
2020,3,1,1544,51,10OGLD,6
2020,3,2,1545,51,10OGLD,2
2020,3,3,1546,51,10OGLD,0
2020,3,4,1547,51,10OGLD,31
2020,3,5,1548,51,10OGLD,47
2020,3,6,1549,51,10OGLD,6
2020,3,0,1550,51,10OGLD,24
2020,3,1,1551,51,10OGLD,274
2020,4,2,1552,52,10OGLD,266
2020,4,3,1553,52,10OGLD,391
2020,4,4,1554,52,10OGLD,146
2020,4,5,1555,52,10OGLD,995
2020,4,6,1556,52,10OGLD,346
2020,4,0,1557,52,10OGLD,642
2020,4,1,1558,52,10OGLD,665
2020,4,2,1559,52,10OGLD,304
2020,4,3,1560,52,10OGLD,109
2020,4,4,1561,52,10OGLD,257
2020,4,5,1562,52,10OGLD,543
2020,4,6,1563,52,10OGLD,558
2020,4,0,1564,52,10OGLD,39
2020,4,1,1565,52,10OGLD,294
2020,4,2,1566,52,10OGLD,189
2020,4,3,1567,52,10OGLD,293
2020,4,4,1568,52,10OGLD,286
2020,4,5,1569,52,10OGLD,1274
2020,4,6,1570,52,10OGLD,163
2020,4,0,1571,52,10OGLD,541
2020,4,1,1572,52,10OGLD,109
2020,4,2,1573,52,10OGLD,89
2020,4,3,1574,52,10OGLD,464
2020,4,4,1575,52,10OGLD,492
2020,4,5,1576,52,10OGLD,1772
2020,4,6,1577,52,10OGLD,719
2020,4,0,1578,52,10OGLD,648
2020,4,1,1579,52,10OGLD,1193
2020,4,2,1580,52,10OGLD,556
2020,4,3,1581,52,10OGLD,74
2020,5,4,1582,53,10OGLD,558
2020,5,5,1583,53,10OGLD,1929
2020,5,6,1584,53,10OGLD,1765
2020,5,0,1585,53,10OGLD,353
2020,5,1,1586,53,10OGLD,674
2020,5,2,1587,53,10OGLD,1045
2020,5,3,1588,53,10OGLD,656
2020,5,4,1589,53,10OGLD,249
2020,5,5,1590,53,10OGLD,173
2020,5,6,1591,53,10OGLD,748
2020,5,0,1592,53,10OGLD,588
2020,5,1,1593,53,10OGLD,498
2020,5,2,1594,53,10OGLD,1174
2020,5,3,1595,53,10OGLD,1037
2020,5,4,1596,53,10OGLD,298
2020,5,5,1597,53,10OGLD,1815
2020,5,6,1598,53,10OGLD,2055
2020,5,0,1599,53,10OGLD,2028
2020,5,1,1600,53,10OGLD,876
2020,5,2,1601,53,10OGLD,1548
2020,5,3,1602,53,10OGLD,1403
2020,5,4,1603,53,10OGLD,1422
2020,5,5,1604,53,10OGLD,1958
2020,5,6,1605,53,10OGLD,2254
2020,5,0,1606,53,10OGLD,719
2020,5,1,1607,53,10OGLD,988
2020,5,2,1608,53,10OGLD,1095
2020,5,3,1609,53,10OGLD,955
2020,5,4,1610,53,10OGLD,860
2020,5,5,1611,53,10OGLD,1370
2020,5,6,1612,53,10OGLD,1157
2020,6,0,1613,54,10OGLD,903
2020,6,1,1614,54,10OGLD,497
2020,6,2,1615,54,10OGLD,836
2020,6,3,1616,54,10OGLD,1837
2020,6,4,1617,54,10OGLD,1461
2020,6,5,1618,54,10OGLD,1740
2020,6,6,1619,54,10OGLD,2350
2020,6,0,1620,54,10OGLD,1267
2020,6,1,1621,54,10OGLD,1024
2020,6,2,1622,54,10OGLD,839
2020,6,3,1623,54,10OGLD,1089
2020,6,4,1624,54,10OGLD,1035
2020,6,5,1625,54,10OGLD,1259
2020,6,6,1626,54,10OGLD,2175
2020,6,0,1627,54,10OGLD,1451
2020,6,1,1628,54,10OGLD,1535
2020,6,2,1629,54,10OGLD,1415
2020,6,3,1630,54,10OGLD,1382
2020,6,4,1631,54,10OGLD,1295
2020,6,5,1632,54,10OGLD,1459
2020,6,6,1633,54,10OGLD,1531
2020,6,0,1634,54,10OGLD,778
2020,6,1,1635,54,10OGLD,950
2020,6,2,1636,54,10OGLD,1090
2020,6,3,1637,54,10OGLD,1295
2020,6,4,1638,54,10OGLD,1494
2020,6,5,1639,54,10OGLD,1082
2020,6,6,1640,54,10OGLD,1541
2020,6,0,1641,54,10OGLD,1120
2020,6,1,1642,54,10OGLD,1308